ID,post_author,post_date,post_date_gmt,post_content,post_title,post_excerpt,post_status,comment_status,ping_status,post_password,post_name,to_ping,pinged,post_modified,post_modified_gmt,post_content_filtered,post_parent,guid,menu_order,post_type,post_mime_type,comment_count,product_type,backorders,featured,length,manage_stock,price,product_url,purchase_note,regular_price,sale_price,shipping_class,sku,sold_individually,stock,stock_status,tax_class,tax_status,total_sales,virtual,visibility,weight,height,width,default_attributes,variation_description,button_text,course_address_1,course_address_2,course_city,course_country,course_county,course_course_designer,course_course_record,course_email,course_facilities,course_fax,course_holes,course_latitude,course_longitude,course_par,course_postcode,course_professional,course_standard_scratch_score,course_telephone,course_website,course_yards,course_year_founded,crosssell_ids,download_expiry,download_limit,downloadable,edit_last,edit_lock,file_path,max_variation_price,max_variation_regular_price,max_variation_sale_price,min_variation_price,min_variation_regular_price,min_variation_sale_price,product_attributes,product_image_gallery,product_version,sale_price_dates_from,sale_price_dates_to,upsell_ids,wc_average_rating,wc_rating_count,wc_review_count,wp_desired_post_slug,wp_trash_meta_status,wp_trash_meta_time,category,course_address_1,course_address_2,course_city,course_country,course_county,course_course_designer,course_course_record,course_email,course_facilities,course_facilities_0_course_facility,course_facilities_1_course_facility,course_fax,course_holes,course_latitude,course_longitude,course_par,course_postcode,course_professional,course_standard_scratch_score,course_telephone,course_website,course_yards,course_year_founded,cwp_bar_icon,cwp_image_link,cwp_meta_box_check,cwp_option_1_cons,cwp_option_1_pro,cwp_option_10_cons,cwp_option_10_pro,cwp_option_2_cons,cwp_option_2_pro,cwp_option_3_cons,cwp_option_3_pro,cwp_option_4_cons,cwp_option_4_pro,cwp_option_5_cons,cwp_option_5_pro,cwp_option_6_cons,cwp_option_6_pro,cwp_option_7_cons,cwp_option_7_pro,cwp_option_8_cons,cwp_option_8_pro,cwp_option_9_cons,cwp_option_9_pro,cwp_product_affiliate_link,cwp_product_affiliate_link2,cwp_product_affiliate_text,cwp_product_affiliate_text2,cwp_rev_price,cwp_rev_product_image,cwp_rev_product_name,field_5391c98483502,field_5845a463dc6c4,normal_field,option_1_content,option_1_grade,option_10_content,option_10_grade,option_2_content,option_2_grade,option_3_content,option_3_grade,option_4_content,option_4_grade,option_5_content,option_5_grade,option_6_content,option_6_grade,option_7_content,option_7_grade,option_8_content,option_8_grade,option_9_content,option_9_grade,option_overall_score,rwp_likes,rwp_rating_6af615b0eac3e78a736abc7bb8846729,rwp_rating_blacklist,rwp_reviews,rwp_tables,tax:product_cat,wp_review_bgcolor1,wp_review_bgcolor2,wp_review_bordercolor,wp_review_color,wp_review_desc_title,wp_review_fontcolor,wp_review_location,wp_review_user_review_type,attributes,variations,categories,tags,product_gallery,product_gallery_name,featured_image,featured_image_name
159,1,"2016-12-13 18:20:55","2016-12-13 18:20:55",,Testing,,trash,open,closed,,testing__trashed,,,"2017-01-16 17:59:52","2017-01-16 17:59:52",,0,http://localhost/go2golf/?post_type=product&#038;p=159,0,product,,0,simple,no,no,,no,,,,,,,,,,instock,,,0,no,visible,,,,,,,field_58503ab7ad084,field_58503ac4ad085,field_58503acead086,field_58503b14ad089,field_58503b00ad087,field_5845a427dc6c3,field_5845a3ecdc6c0,field_58503bb8ad091,field_5845a463dc6c4,field_58503badad090,field_5845a352dc6bc,field_58503b1ead08a,field_58503b24ad08b,field_5845a3abdc6be,field_58503b0cad088,field_5845a412dc6c2,field_5845a3c1dc6bf,field_58503ba5ad08f,field_58503bc2ad092,field_5845a37adc6bd,field_5845a3fcdc6c1,a:0:{},,,no,1,1484402723:1,,,,,,,,a:0:{},,2.6.9,,,a:0:{},0,a:0:{},0,testing,publish,1484589592,,,,,,,,,,,,,,18,,,,,,,,,,,,,,,,,,,,,,,,,,,,,,,,,,,,,,,,,,,,,,,,,,,,,,,,,,,,,,,,,,,,,,,#e7e7e7,#ffffff,#e7e7e7,#1e73be,Summary,#555555,bottom,star,,,,,,,,
161,1,"2016-12-13 18:31:49","2016-12-13 18:31:49",,"Golfy test 1",,trash,open,closed,,golfy-test-1__trashed,,,"2017-01-16 17:59:52","2017-01-16 17:59:52",,0,http://localhost/go2golf/product/golfy-test-1/,0,product,,0,simple,,,,,,,,,,,,,,,,,,,,,,,,,,field_58503ab7ad084,field_58503ac4ad085,field_58503acead086,field_58503b14ad089,field_58503b00ad087,field_5845a427dc6c3,field_5845a3ecdc6c0,field_58503bb8ad091,field_5845a463dc6c4,field_58503badad090,field_5845a352dc6bc,field_58503b1ead08a,field_58503b24ad08b,field_5845a3abdc6be,field_58503b0cad088,field_5845a412dc6c2,field_5845a3c1dc6bf,field_58503ba5ad08f,field_58503bc2ad092,field_5845a37adc6bd,field_5845a3fcdc6c1,,,,,,1484402706:1,,,,,,,,,,,,,,,,,golfy-test-1,publish,1484589592,,,,,,,"Howard Swann",66,,,"Fac 1","Fac 2",,18,,,71,,"Ricky Carvell",69,,,6122,1975,,,,,,,,,,,,,,,,,,,,,,,,,,,,,,,,,,,,,,,,,,,,,,,,,,,,,,,,,,,,,,,,,,,,,,,,,,,,
162,1,"2016-12-13 18:31:49","2016-12-13 18:31:49",,"Abbey Hill Golf Centre",,publish,open,closed,,abbey-hill-golf-centre,,,"2016-12-13 18:45:34","2016-12-13 18:45:34",,0,http://localhost/go2golf/product/abbey-hill-golf-centre/,0,product,,0,simple,no,no,,no,,,,,,,,,,instock,,,0,no,visible,,,,,,,field_58503ab7ad084,field_58503ac4ad085,field_58503acead086,field_58503b14ad089,field_58503b00ad087,field_5845a427dc6c3,field_5845a3ecdc6c0,field_58503bb8ad091,field_5845a463dc6c4,field_58503badad090,field_5845a352dc6bc,field_58503b1ead08a,field_58503b24ad08b,field_5845a3abdc6be,field_58503b0cad088,field_5845a412dc6c2,field_5845a3c1dc6bf,field_58503ba5ad08f,field_58503bc2ad092,field_5845a37adc6bd,field_5845a3fcdc6c1,a:0:{},,,no,1,1481654494:1,,,,,,,,a:0:{},,2.6.9,,,a:0:{},0,a:0:{},,,,,,"Monks Way","Two Mile Hash","Milton Keynes","United Kingdom",Buckinghamshire,"Howard Swann",66,events@abbeyhillgc.co.uk,,,,,18,52.0436,-0.8112,71,"MK8 8AA","Ricky Carvell",69,"01908 562408",www.abbeyhillgc.co.uk,6122,1975,,,,,,,,,,,,,,,,,,,,,,,,,,,,,,,,,,,,,,,,,,,,,,,,,,,,,,,,,,,,,,,,,,,,,,,,,,,,
163,1,"2016-12-13 18:31:49","2016-12-13 18:31:49",,"Abbey Hotel Golf & Country Club",,publish,open,closed,,abbey-hotel-golf-country-club,,,"2016-12-13 18:45:33","2016-12-13 18:45:33",,0,http://localhost/go2golf/product/abbey-hotel-golf-country-club/,0,product,,0,simple,,,,,,,,,,,,,,,,,,,visible,,,,,,,field_58503ab7ad084,field_58503ac4ad085,field_58503acead086,field_58503b14ad089,field_58503b00ad087,field_5845a427dc6c3,field_5845a3ecdc6c0,field_58503bb8ad091,field_5845a463dc6c4,field_58503badad090,field_5845a352dc6bc,field_58503b1ead08a,field_58503b24ad08b,field_5845a3abdc6be,field_58503b0cad088,field_5845a412dc6c2,field_5845a3c1dc6bf,field_58503ba5ad08f,field_58503bc2ad092,field_5845a37adc6bd,field_5845a3fcdc6c1,,,,,,,,,,,,,,,,,,,,0,a:0:{},,,,,,"Dagnell End Road","Hither Green Lane",Redditch,"United Kingdom",Worcestershire,"Donald Steele",,info@theabbeyhotel.co.uk,,,,"01527 406514",18,52.3231,-1.9228,72,"B98 9BE","R Davies",72,"01527 406 600",www.theabbeyhotel.co.uk,6561,1998,,,,,,,,,,,,,,,,,,,,,,,,,,,,,,,,,,,,,,,,,,,,,,,,,,,,,,,,,,,,,,,,,,,,,,,,,,,,
164,1,"2016-12-13 18:31:49","2016-12-13 18:31:49",,"Abbey Moor Golf Course",,publish,open,closed,,abbey-moor-golf-course,,,"2016-12-13 18:31:49","2016-12-13 18:31:49",,0,http://localhost/go2golf/product/abbey-moor-golf-course/,0,product,,0,simple,,,,,,,,,,,,,,,,,,,,,,,,,,field_58503ab7ad084,field_58503ac4ad085,field_58503acead086,field_58503b14ad089,field_58503b00ad087,field_5845a427dc6c3,field_5845a3ecdc6c0,field_58503bb8ad091,field_5845a463dc6c4,field_58503badad090,field_5845a352dc6bc,field_58503b1ead08a,field_58503b24ad08b,field_5845a3abdc6be,field_58503b0cad088,field_5845a412dc6c2,field_5845a3c1dc6bf,field_58503ba5ad08f,field_58503bc2ad092,field_5845a37adc6bd,field_5845a3fcdc6c1,,,,,,,,,,,,,,,,,,,,,,,,,,,"Green Lane",,Addlestone,"United Kingdom",Surrey,"David Walker",,,,,,,9,51.376917,-0.506731,68,"KT15 2XV","Richard Wiltshire",66,"01932 570741",http://www.abbeymoorgc.co.uk/,2571,1991,,,,,,,,,,,,,,,,,,,,,,,,,,,,,,,,,,,,,,,,,,,,,,,,,,,,,,,,,,,,,,,,,,,,,,,,,,,,
165,1,"2016-12-13 18:31:50","2016-12-13 18:31:50",,"Abbey View",,publish,open,closed,,abbey-view,,,"2016-12-13 18:45:33","2016-12-13 18:45:33",,0,http://localhost/go2golf/product/abbey-view/,0,product,,0,simple,,,,,,,,,,,,,,,,,,,visible,,,,,,,field_58503ab7ad084,field_58503ac4ad085,field_58503acead086,field_58503b14ad089,field_58503b00ad087,field_5845a427dc6c3,field_5845a3ecdc6c0,field_58503bb8ad091,field_5845a463dc6c4,field_58503badad090,field_5845a352dc6bc,field_58503b1ead08a,field_58503b24ad08b,field_5845a3abdc6be,field_58503b0cad088,field_5845a412dc6c2,field_5845a3c1dc6bf,field_58503ba5ad08f,field_58503bc2ad092,field_5845a37adc6bd,field_5845a3fcdc6c1,,,,,,,,,,,,,,,,,,,,0,a:0:{},,,,,,"Westminster Lodge Leisure Centre","Holywell Hill","St Albans","United Kingdom",Hertfordshire,,27,abbey.view@leisureconnection.co.uk,,,,"01727 848468",9,51.7452,-0.3451,29,"AL1 2DL","Mark Flitton",30,"01727 868 227",www.leisureconnection.co.uk,1411,1994,,,,,,,,,,,,,,,,,,,,,,,,,,,,,,,,,,,,,,,,,,,,,,,,,,,,,,,,,,,,,,,,,,,,,,,,,,,,
166,1,"2016-12-13 18:31:50","2016-12-13 18:31:50",,"Abbeydale Golf Club",,publish,open,closed,,abbeydale-golf-club,,,"2016-12-13 18:45:33","2016-12-13 18:45:33",,0,http://localhost/go2golf/product/abbeydale-golf-club/,0,product,,0,simple,,,,,,,,,,,,,,,,,,,visible,,,,,,,field_58503ab7ad084,field_58503ac4ad085,field_58503acead086,field_58503b14ad089,field_58503b00ad087,field_5845a427dc6c3,field_5845a3ecdc6c0,field_58503bb8ad091,field_5845a463dc6c4,field_58503badad090,field_5845a352dc6bc,field_58503b1ead08a,field_58503b24ad08b,field_5845a3abdc6be,field_58503b0cad088,field_5845a412dc6c2,field_5845a3c1dc6bf,field_58503ba5ad08f,field_58503bc2ad092,field_5845a37adc6bd,field_5845a3fcdc6c1,,,,,,,,,,,,,,,,,,,,0,a:0:{},,,,,,"Twentywell Lane",Dore,Sheffield,"United Kingdom","South Yorkshire","Herbert Fowler",64,abbeygolf@btconnect.com,,,,"0114 236 0762",18,53.3245,-1.5114,71,"S17 4QA","Nigel Perry",70,"0114 236 0763",http://www.abbeydalegolfclub.co.uk/,6261,1895,,,,,,,,,,,,,,,,,,,,,,,,,,,,,,,,,,,,,,,,,,,,,,,,,,,,,,,,,,,,,,,,,,,,,,,,,,,,
167,1,"2016-12-13 18:31:50","2016-12-13 18:31:50",,"Abbeyfeale Golf Club",,publish,open,closed,,abbeyfeale-golf-club,,,"2016-12-13 18:45:33","2016-12-13 18:45:33",,0,http://localhost/go2golf/product/abbeyfeale-golf-club/,0,product,,0,simple,,,,,,,,,,,,,,,,,,,visible,,,,,,,field_58503ab7ad084,field_58503ac4ad085,field_58503acead086,field_58503b14ad089,field_58503b00ad087,field_5845a427dc6c3,field_5845a3ecdc6c0,field_58503bb8ad091,field_5845a463dc6c4,field_58503badad090,field_5845a352dc6bc,field_58503b1ead08a,field_58503b24ad08b,field_5845a3abdc6be,field_58503b0cad088,field_5845a412dc6c2,field_5845a3c1dc6bf,field_58503ba5ad08f,field_58503bc2ad092,field_5845a37adc6bd,field_5845a3fcdc6c1,,,,,,,,,,,,,,,,,,,,0,a:0:{},,,,,,"Dromtrasna Collins",,Abbeyfeale,"United Kingdom",,"Dr.Arthur Spring",,Abbeyfealegolf@eircom.net,,,,,9,52.3879,-9.272582,61,"Co. Limerick","Mark Heinemann",62,"068 32033 or 087 7935261",http://www.abbeyfealegolfclub.com/,4389,1994,,,,,,,,,,,,,,,,,,,,,,,,,,,,,,,,,,,,,,,,,,,,,,,,,,,,,,,,,,,,,,,,,,,,,,,,,,,,
168,1,"2016-12-13 18:31:50","2016-12-13 18:31:50",,"Abbeyleix Golf Club",,publish,open,closed,,abbeyleix-golf-club,,,"2016-12-13 18:45:33","2016-12-13 18:45:33",,0,http://localhost/go2golf/product/abbeyleix-golf-club/,0,product,,1,simple,,,,,,,,,,,,,,,,,,,visible,,,,,,,field_58503ab7ad084,field_58503ac4ad085,field_58503acead086,field_58503b14ad089,field_58503b00ad087,field_5845a427dc6c3,field_5845a3ecdc6c0,field_58503bb8ad091,field_5845a463dc6c4,field_58503badad090,field_5845a352dc6bc,field_58503b1ead08a,field_58503b24ad08b,field_5845a3abdc6be,field_58503b0cad088,field_5845a412dc6c2,field_5845a3c1dc6bf,field_58503ba5ad08f,field_58503bc2ad092,field_5845a37adc6bd,field_5845a3fcdc6c1,,,,,,,,,,,,,,,,,,,,5.00,"a:1:{i:5;s:1:""1"";}",1,,,,,Rathmoyle,,Abbeyleix,"United Kingdom",,"Mel Flanagan",,info@abbeyleixgolfclub.ie,,,,,18,52.923,-7.3474,72,"Co. Laois",,70,"057 8731450",www.abbeyleixgolfclub.ie,5557,,,,,,,,,,,,,,,,,,,,,,,,,,,,,,,,,,,,,,,,,,,,,,,,,,,,,,,,,,,,,,,,,,,,,,,,,,,,,
169,1,"2016-12-13 18:31:50","2016-12-13 18:31:50",,"Abbotsley Golf Course",,publish,open,closed,,abbotsley-golf-course,,,"2016-12-13 18:45:33","2016-12-13 18:45:33",,0,http://localhost/go2golf/product/abbotsley-golf-course/,0,product,,0,simple,,,,,,,,,,,,,,,,,,,visible,,,,,,,field_58503ab7ad084,field_58503ac4ad085,field_58503acead086,field_58503b14ad089,field_58503b00ad087,field_5845a427dc6c3,field_5845a3ecdc6c0,field_58503bb8ad091,field_5845a463dc6c4,field_58503badad090,field_5845a352dc6bc,field_58503b1ead08a,field_58503b24ad08b,field_5845a3abdc6be,field_58503b0cad088,field_5845a412dc6c2,field_5845a3c1dc6bf,field_58503ba5ad08f,field_58503bc2ad092,field_5845a37adc6bd,field_5845a3fcdc6c1,,,,,,,,,,,,,,,,,,,,0,a:0:{},,,,,,"St Neots",,Huntingdon,"United Kingdom",Cambridgeshire,,,manager@abbotsley.com,,,,"01480 403280",,52.1943,-0.2354,72,"PE19 4XN",,,"01480 474000",http://www.abbotsleygolf.co.uk,6311,,,,,,,,,,,,,,,,,,,,,,,,,,,,,,,,,,,,,,,,,,,,,,,,,,,,,,,,,,,,,,,,,,,,,,,,,,,,,
170,1,"2016-12-13 18:31:50","2016-12-13 18:31:50",,Aberdare,,publish,open,closed,,aberdare,,,"2016-12-13 18:45:33","2016-12-13 18:45:33",,0,http://localhost/go2golf/product/aberdare/,0,product,,0,simple,,,,,,,,,,,,,,,,,,,visible,,,,,,,field_58503ab7ad084,field_58503ac4ad085,field_58503acead086,field_58503b14ad089,field_58503b00ad087,field_5845a427dc6c3,field_5845a3ecdc6c0,field_58503bb8ad091,field_5845a463dc6c4,field_58503badad090,field_5845a352dc6bc,field_58503b1ead08a,field_58503b24ad08b,field_5845a3abdc6be,field_58503b0cad088,field_5845a412dc6c2,field_5845a3c1dc6bf,field_58503ba5ad08f,field_58503bc2ad092,field_5845a37adc6bd,field_5845a3fcdc6c1,,,,,,,,,,,,,,,,,,,,0,a:0:{},,,,,,Abernant,,Aberdare,"United Kingdom","Rhondda Cynon Taff",,64,sec-age@tiscali.co.uk,,,,"01685 872797",18,51.717,-3.4291,69,"CF44 0RY","Catherine & David Price",69,"01685 872 797",www.aberdaregolfclub.co.uk,5875,1921,,,,,,,,,,,,,,,,,,,,,,,,,,,,,,,,,,,,,,,,,,,,,,,,,,,,,,,,,,,,,,,,,,,,,,,,,,,,
171,1,"2016-12-13 18:31:50","2016-12-13 18:31:50",,"Aberdelghy Golf Course",,publish,open,closed,,aberdelghy-golf-course,,,"2016-12-13 18:45:33","2016-12-13 18:45:33",,0,http://localhost/go2golf/product/aberdelghy-golf-course/,0,product,,0,simple,,,,,,,,,,,,,,,,,,,visible,,,,,,,field_58503ab7ad084,field_58503ac4ad085,field_58503acead086,field_58503b14ad089,field_58503b00ad087,field_5845a427dc6c3,field_5845a3ecdc6c0,field_58503bb8ad091,field_5845a463dc6c4,field_58503badad090,field_5845a352dc6bc,field_58503b1ead08a,field_58503b24ad08b,field_5845a3abdc6be,field_58503b0cad088,field_5845a412dc6c2,field_5845a3c1dc6bf,field_58503ba5ad08f,field_58503bc2ad092,field_5845a37adc6bd,field_5845a3fcdc6c1,,,,,,,,,,,,,,,,,,,,0,a:0:{},,,,,,"Bell's Lane",Lambeg,Lisburn,"United Kingdom","Co Antrim","Alec Blair",64,info@customprogolf.co.uk,,,,"028 9260 3432",18,54.5319,-6.0274,66,"BT27 4QH","Ed Morrison",62,"028 9266 2738",www.customprogolf.co.uk,4139,1987,,,,,,,,,,,,,,,,,,,,,,,,,,,,,,,,,,,,,,,,,,,,,,,,,,,,,,,,,,,,,,,,,,,,,,,,,,,,
172,1,"2016-12-13 18:31:50","2016-12-13 18:31:50",,"Aberdour Golf Club",,publish,open,closed,,aberdour-golf-club,,,"2016-12-13 18:45:33","2016-12-13 18:45:33",,0,http://localhost/go2golf/product/aberdour-golf-club/,0,product,,0,simple,,,,,,,,,,,,,,,,,,,visible,,,,,,,field_58503ab7ad084,field_58503ac4ad085,field_58503acead086,field_58503b14ad089,field_58503b00ad087,field_5845a427dc6c3,field_5845a3ecdc6c0,field_58503bb8ad091,field_5845a463dc6c4,field_58503badad090,field_5845a352dc6bc,field_58503b1ead08a,field_58503b24ad08b,field_5845a3abdc6be,field_58503b0cad088,field_5845a412dc6c2,field_5845a3c1dc6bf,field_58503ba5ad08f,field_58503bc2ad092,field_5845a37adc6bd,field_5845a3fcdc6c1,,,,,,,,,,,,,,,,,,,,0,a:0:{},,,,,,"Seaside Place",,Aberdour,"United Kingdom",Burntisland,,59,manager@aberdourgolfclub.co.uk,,,,"01383 860050",18,56.0511,-3.2991,67,"KY3 0TX","David Gemmell",67,"01383 860 080",http://aberdourgolfclub.co.uk/,5447,1933,,,,,,,,,,,,,,,,,,,,,,,,,,,,,,,,,,,,,,,,,,,,,,,,,,,,,,,,,,,,,,,,,,,,,,,,,,,,
173,1,"2016-12-13 18:31:50","2016-12-13 18:31:50",,"Aberdovey Golf Club",,publish,open,closed,,aberdovey-golf-club,,,"2016-12-13 18:45:33","2016-12-13 18:45:33",,0,http://localhost/go2golf/product/aberdovey-golf-club/,0,product,,0,simple,,,,,,,,,,,,,,,,,,,visible,,,,,,,field_58503ab7ad084,field_58503ac4ad085,field_58503acead086,field_58503b14ad089,field_58503b00ad087,field_5845a427dc6c3,field_5845a3ecdc6c0,field_58503bb8ad091,field_5845a463dc6c4,field_58503badad090,field_5845a352dc6bc,field_58503b1ead08a,field_58503b24ad08b,field_5845a3abdc6be,field_58503b0cad088,field_5845a412dc6c2,field_5845a3c1dc6bf,field_58503ba5ad08f,field_58503bc2ad092,field_5845a37adc6bd,field_5845a3fcdc6c1,,,,,,,,,,,,,,,,,,,,,,,,,,,"Station Road",Aberdovey,Aberdyfi,"United Kingdom",Gwynedd,"J Braid",65,sec@aberdoveygolf.co.uk,,,,"01654 767027",18,52.5444,-4.056,71,"LL35 0RT","John Davies",72,"01654 767 493",http://www.aberdoveygolf.co.uk,6615,1892,,,,,,,,,,,,,,,,,,,,,,,,,,,,,,,,,,,,,,,,,,,,,,,,,,,,,,,,,,,,,,,,,,,,,,,,,,,,
174,1,"2016-12-13 18:31:50","2016-12-13 18:31:50",,"Aberfeldy Golf Club",,publish,open,closed,,aberfeldy-golf-club,,,"2016-12-13 18:45:33","2016-12-13 18:45:33",,0,http://localhost/go2golf/product/aberfeldy-golf-club/,0,product,,0,simple,,,,,,,,,,,,,,,,,,,visible,,,,,,,field_58503ab7ad084,field_58503ac4ad085,field_58503acead086,field_58503b14ad089,field_58503b00ad087,field_5845a427dc6c3,field_5845a3ecdc6c0,field_58503bb8ad091,field_5845a463dc6c4,field_58503badad090,field_5845a352dc6bc,field_58503b1ead08a,field_58503b24ad08b,field_5845a3abdc6be,field_58503b0cad088,field_5845a412dc6c2,field_5845a3c1dc6bf,field_58503ba5ad08f,field_58503bc2ad092,field_5845a37adc6bd,field_5845a3fcdc6c1,,,,,,,,,,,,,,,,,,,,,,,,,,,"Taybridge Road",,Aberfeldy,"United Kingdom","Perth & Kinross",Soutars,67,feldygc@tiscali.co.uk,,,,,18,56.6198,-3.87,68,"PH15 2BH",,65,"01887 820 535",http://www.aberfeldy-golfclub.co.uk/,5283,1993,,,,,,,,,,,,,,,,,,,,,,,,,,,,,,,,,,,,,,,,,,,,,,,,,,,,,,,,,,,,,,,,,,,,,,,,,,,,
175,1,"2016-12-13 18:31:50","2016-12-13 18:31:50",,Aberfoyle,,publish,open,closed,,aberfoyle,,,"2016-12-13 18:45:33","2016-12-13 18:45:33",,0,http://localhost/go2golf/product/aberfoyle/,0,product,,0,simple,,,,,,,,,,,,,,,,,,,visible,,,,,,,field_58503ab7ad084,field_58503ac4ad085,field_58503acead086,field_58503b14ad089,field_58503b00ad087,field_5845a427dc6c3,field_5845a3ecdc6c0,field_58503bb8ad091,field_5845a463dc6c4,field_58503badad090,field_5845a352dc6bc,field_58503b1ead08a,field_58503b24ad08b,field_5845a3abdc6be,field_58503b0cad088,field_5845a412dc6c2,field_5845a3c1dc6bf,field_58503ba5ad08f,field_58503bc2ad092,field_5845a37adc6bd,field_5845a3fcdc6c1,,,,,,,,,,,,,,,,,,,,,,,,,,,Breaval,,Aberfoyle,"United Kingdom",Stirling,,64,secretary@aberfoylegolf.co.uk,,,,"01877 382493 ",18,56.1729,-4.3622,66,"FK8 3UY",,66,"01877 382 493",http://www.aberfoylegolf.com/,5210,1890,,,,,,,,,,,,,,,,,,,,,,,,,,,,,,,,,,,,,,,,,,,,,,,,,,,,,,,,,,,,,,,,,,,,,,,,,,,,
176,1,"2016-12-13 18:31:50","2016-12-13 18:31:50",,"Abergele Golf Course",,publish,open,closed,,abergele-golf-course,,,"2016-12-13 18:45:33","2016-12-13 18:45:33",,0,http://localhost/go2golf/product/abergele-golf-course/,0,product,,0,simple,,,,,,,,,,,,,,,,,,,visible,,,,,,,field_58503ab7ad084,field_58503ac4ad085,field_58503acead086,field_58503b14ad089,field_58503b00ad087,field_5845a427dc6c3,field_5845a3ecdc6c0,field_58503bb8ad091,field_5845a463dc6c4,field_58503badad090,field_5845a352dc6bc,field_58503b1ead08a,field_58503b24ad08b,field_5845a3abdc6be,field_58503b0cad088,field_5845a412dc6c2,field_5845a3c1dc6bf,field_58503ba5ad08f,field_58503bc2ad092,field_5845a37adc6bd,field_5845a3fcdc6c1,,,,,,,,,,,,,,,,,,,,,,,,,,,"Tan-y-gopa Road",,Abergele,"United Kingdom",Conwy,Hawtree,66,secretary@abergelegolfclub.co.uk,,,,,18,53.2811,-3.5963,72,"LL22 8DS","Iain R Runcie",71,"01745 824034",http://abergelegolfclub.myprogolfer.co.uk/,6520,1910,,,,,,,,,,,,,,,,,,,,,,,,,,,,,,,,,,,,,,,,,,,,,,,,,,,,,,,,,,,,,,,,,,,,,,,,,,,,
177,1,"2016-12-13 18:31:50","2016-12-13 18:31:50",,"Abernethy Golf Club",,publish,open,closed,,abernethy-golf-club,,,"2016-12-13 18:45:33","2016-12-13 18:45:33",,0,http://localhost/go2golf/product/abernethy-golf-club/,0,product,,0,simple,,,,,,,,,,,,,,,,,,,visible,,,,,,,field_58503ab7ad084,field_58503ac4ad085,field_58503acead086,field_58503b14ad089,field_58503b00ad087,field_5845a427dc6c3,field_5845a3ecdc6c0,field_58503bb8ad091,field_5845a463dc6c4,field_58503badad090,field_5845a352dc6bc,field_58503b1ead08a,field_58503b24ad08b,field_5845a3abdc6be,field_58503b0cad088,field_5845a412dc6c2,field_5845a3c1dc6bf,field_58503ba5ad08f,field_58503bc2ad092,field_5845a37adc6bd,field_5845a3fcdc6c1,,,,,,,,,,,,,,,,,,,,,,,,,,,,,"Nethy Bridge","United Kingdom",Highland,,64,info@abernethygolfclub.com,,,,,9,57.2682,-3.6549,66,"PH25 3EB",,66,"01479 821 305",http://www.abernethygolfclub.com/,2526,1893,,,,,,,,,,,,,,,,,,,,,,,,,,,,,,,,,,,,,,,,,,,,,,,,,,,,,,,,,,,,,,,,,,,,,,,,,,,,
178,1,"2016-12-13 18:31:51","2016-12-13 18:31:51",,"Abersoch Golf Club",,publish,open,closed,,abersoch-golf-club,,,"2016-12-13 18:45:33","2016-12-13 18:45:33",,0,http://localhost/go2golf/product/abersoch-golf-club/,0,product,,0,simple,,,,,,,,,,,,,,,,,,,visible,,,,,,,field_58503ab7ad084,field_58503ac4ad085,field_58503acead086,field_58503b14ad089,field_58503b00ad087,field_5845a427dc6c3,field_5845a3ecdc6c0,field_58503bb8ad091,field_5845a463dc6c4,field_58503badad090,field_5845a352dc6bc,field_58503b1ead08a,field_58503b24ad08b,field_5845a3abdc6be,field_58503b0cad088,field_5845a412dc6c2,field_5845a3c1dc6bf,field_58503ba5ad08f,field_58503bc2ad092,field_5845a37adc6bd,field_5845a3fcdc6c1,,,,,,1484402605:1,,,,,,,,,,,,,,,,,,,,,"Golf Rd",,Abersoch,"United Kingdom",Gwynedd,"Harry Vardon",66,admin@abersochgolf.co.uk,,,,"01758 712777",18,52.8192,-4.5046,69,"LL53 7EY","A D Jones",68,"01758 712 622",http://www.abersochgolf.co.uk/,5847,1908,,,,,,,,,,,,,,,,,,,,,,,,,,,,,,,,,,,,,,,,,,,,,,,,,,,,,,,,,,,,,,,,,,,,,,,,,,,,
179,1,"2016-12-13 18:31:51","2016-12-13 18:31:51",,"Aberystwyth Golf Club",,publish,open,closed,,aberystwyth-golf-club,,,"2016-12-13 18:45:33","2016-12-13 18:45:33",,0,http://localhost/go2golf/product/aberystwyth-golf-club/,0,product,,0,simple,,,,,,,,,,,,,,,,,,,visible,,,,,,,field_58503ab7ad084,field_58503ac4ad085,field_58503acead086,field_58503b14ad089,field_58503b00ad087,field_5845a427dc6c3,field_5845a3ecdc6c0,field_58503bb8ad091,field_5845a463dc6c4,field_58503badad090,field_5845a352dc6bc,field_58503b1ead08a,field_58503b24ad08b,field_5845a3abdc6be,field_58503b0cad088,field_5845a412dc6c2,field_5845a3c1dc6bf,field_58503ba5ad08f,field_58503bc2ad092,field_5845a37adc6bd,field_5845a3fcdc6c1,,,,,,1484402607:1,,,,,,,,,,,,,,,,,,,,,"Brynymor Road",,Aberystwyth,"United Kingdom",Ceredigion,"Harry Vardon",,aberystwythgolf@talk21.com,,,,"01970 626622",18,52.4219,-4.0759,70,"SY23 2HY","Jim McLeod",69,"01970 615 104",www.aberystwythgolfclub.com,5801,1911,,,,,,,,,,,,,,,,,,,,,,,,,,,,,,,,,,,,,,,,,,,,,,,,,,,,,,,,,,,,,,,,,,,,,,,,,,,,
180,1,"2016-12-13 18:31:51","2016-12-13 18:31:51",,"Aboyne Golf Club",,publish,open,closed,,aboyne-golf-club,,,"2016-12-13 18:45:33","2016-12-13 18:45:33",,0,http://localhost/go2golf/product/aboyne-golf-club/,0,product,,0,simple,,,,,,,,,,,,,,,,,,,visible,,,,,,,field_58503ab7ad084,field_58503ac4ad085,field_58503acead086,field_58503b14ad089,field_58503b00ad087,field_5845a427dc6c3,field_5845a3ecdc6c0,field_58503bb8ad091,field_5845a463dc6c4,field_58503badad090,field_5845a352dc6bc,field_58503b1ead08a,field_58503b24ad08b,field_5845a3abdc6be,field_58503b0cad088,field_5845a412dc6c2,field_5845a3c1dc6bf,field_58503ba5ad08f,field_58503bc2ad092,field_5845a37adc6bd,field_5845a3fcdc6c1,,,,,,1484402606:1,,,,,,,,,,,,,,,,,,,,,"Formaston Park",,Aboyne,"United Kingdom",Aberdeenshire,,62,aboynegolfclub@btconnect.com,,,,"013398 87592",18,57.0798,-2.7729,68,"AB34 5HP","Stephen Moir",69,"013398 86328",http://www.aboynegolfclub.co.uk/,6009,1874,,,,,,,,,,,,,,,,,,,,,,,,,,,,,,,,,,,,,,,,,,,,,,,,,,,,,,,,,,,,,,,,,,,,,,,,,,,,
181,1,"2016-12-13 18:31:51","2016-12-13 18:31:51",,"Aboyne Loch Golf Course",,publish,open,closed,,aboyne-loch-golf-course,,,"2017-01-08 11:55:21","2017-01-08 11:55:21",,0,http://localhost/go2golf/product/aboyne-loch-golf-course/,0,product,,1,simple,no,no,,no,,,,,,,,,,instock,,,0,no,visible,,,,,,,field_58503ab7ad084,field_58503ac4ad085,field_58503acead086,field_58503b14ad089,field_58503b00ad087,field_5845a427dc6c3,field_5845a3ecdc6c0,field_58503bb8ad091,field_5845a463dc6c4,field_58503badad090,field_5845a352dc6bc,field_58503b1ead08a,field_58503b24ad08b,field_5845a3abdc6be,field_58503b0cad088,field_5845a412dc6c2,field_5845a3c1dc6bf,field_58503ba5ad08f,field_58503bc2ad092,field_5845a37adc6bd,field_5845a3fcdc6c1,a:0:{},,,no,1,1484403074:1,,,,,,,,a:0:{},,2.6.11,,,a:0:{},3.00,"a:1:{i:3;s:1:""1"";}",1,,,,,,"The Lodge on the Loch of Aboyne",Aboyne,"United Kingdom",Aberdeenshire,,,info@thelodgeontheloch.com,,,,,9,57.0851,-2.7629,,"AB34 5BR",,,"01339 886444  07764577959",http://www.thelodgeontheloch.com,3600,,,image,Yes,Bad,Good,,,,,,,,,,,,,,,,,,,,,,,,,"Test name",,,,Luxury,10,,,Staff,20,Price,0,Food,0,"Test option",0,,,,,,,,,6,"a:3:{s:24:""rwp_rating_58722b700c155"";a:4:{s:3:""yes"";i:0;s:2:""no"";i:0;s:7:""post_id"";i:181;s:9:""review_id"";s:32:""6af615b0eac3e78a736abc7bb8846729"";}s:24:""rwp_rating_58722ba54feeb"";a:4:{s:3:""yes"";i:0;s:2:""no"";i:0;s:7:""post_id"";i:181;s:9:""review_id"";s:32:""6af615b0eac3e78a736abc7bb8846729"";}s:24:""rwp_rating_58722fd57d96f"";a:4:{s:3:""yes"";i:0;s:2:""no"";i:0;s:7:""post_id"";i:181;s:9:""review_id"";s:32:""6af615b0eac3e78a736abc7bb8846729"";}}","a:12:{s:9:""rating_id"";s:24:""rwp_rating_58722fd57d96f"";s:14:""rating_post_id"";i:181;s:16:""rating_review_id"";s:32:""6af615b0eac3e78a736abc7bb8846729"";s:12:""rating_score"";a:3:{i:0;d:9;i:1;d:10;i:2;d:10;}s:14:""rating_user_id"";i:0;s:16:""rating_user_name"";s:9:""Testinggg"";s:17:""rating_user_email"";s:15:""testing@msn.com"";s:12:""rating_title"";s:14:""This is a test"";s:14:""rating_comment"";s:4:""Test"";s:11:""rating_date"";d:1483878357;s:13:""rating_status"";s:9:""published"";s:15:""rating_template"";s:26:""rwp_template_5872271b8991c"";}","a:1:{s:36:""181-6af615b0eac3e78a736abc7bb8846729"";a:1:{i:0;i:1;}}","a:1:{i:1;a:17:{s:13:""review_status"";s:7:""publish"";s:11:""review_type"";s:6:""PAR+UR"";s:12:""review_title"";s:11:""Test review"";s:20:""review_title_options"";s:12:""custom_title"";s:15:""review_template"";s:26:""rwp_template_5872271b8991c"";s:13:""review_scores"";a:3:{i:0;d:1.5;i:1;d:3.5;i:2;d:2.5;}s:27:""review_custom_overall_score"";s:0:"""";s:18:""review_custom_tabs"";a:0:{}s:11:""review_pros"";s:9:""It's good"";s:11:""review_cons"";s:8:""It's bad"";s:14:""review_summary"";s:9:""Summarise"";s:25:""review_use_featured_image"";s:3:""yes"";s:12:""review_image"";s:0:"""";s:16:""review_image_url"";s:0:"""";s:19:""review_custom_links"";a:0:{}s:26:""review_disable_user_rating"";s:2:""no"";s:9:""review_id"";i:1;}}",a:0:{},,,,,,,,,,,,,,,,,
182,1,"2016-12-13 18:31:51","2016-12-13 18:31:51",,"Abridge Golf and Country Club",,publish,open,closed,,abridge-golf-and-country-club,,,"2016-12-13 18:45:33","2016-12-13 18:45:33",,0,http://localhost/go2golf/product/abridge-golf-and-country-club/,0,product,,0,simple,,,,,,,,,,,,,,,,,,,visible,,,,,,,field_58503ab7ad084,field_58503ac4ad085,field_58503acead086,field_58503b14ad089,field_58503b00ad087,field_5845a427dc6c3,field_5845a3ecdc6c0,field_58503bb8ad091,field_5845a463dc6c4,field_58503badad090,field_5845a352dc6bc,field_58503b1ead08a,field_58503b24ad08b,field_5845a3abdc6be,field_58503b0cad088,field_5845a412dc6c2,field_5845a3c1dc6bf,field_58503ba5ad08f,field_58503bc2ad092,field_5845a37adc6bd,field_5845a3fcdc6c1,,,,,,1481654430:1,,,,,,,,,,,,,,,,,,,,,"Epping Lane","Stapleford Tawney",Abridge,"United Kingdom",Essex,"Henry Cotton",67,info@abridgegolf.com,,,,"01708 688550",18,51.6637,0.1509,72,"RM4 1ST","Stuart Layton",72,"01708 688 396",http://www.abridgegolf.com/,6704,1962,,,,,,,,,,,,,,,,,,,,,,,,,,,,,,,,,,,,,,,,,,,,,,,,,,,,,,,,,,,,,,,,,,,,,,,,,,,,
189,1,"2017-01-16 17:33:47","2017-01-16 17:33:47",,"Test 2",,trash,open,closed,,test-2__trashed,,,"2017-01-16 17:34:25","2017-01-16 17:34:25",,0,http://localhost/go2golf/courses/uncategorized/test-2/,0,product,,0,simple,no,no,,no,,,,,,,,,,instock,,,0,no,visible,,,,,,,field_58503ab7ad084,field_58503ac4ad085,field_58503acead086,field_58503b14ad089,field_58503b00ad087,field_5845a427dc6c3,field_5845a3ecdc6c0,field_58503bb8ad091,,field_58503badad090,field_5845a352dc6bc,field_58503b1ead08a,field_58503b24ad08b,field_5845a3abdc6be,field_58503b0cad088,field_5845a412dc6c2,field_5845a3c1dc6bf,field_58503ba5ad08f,field_58503bc2ad092,field_5845a37adc6bd,field_5845a3fcdc6c1,a:0:{},,,no,1,1484587921:1,,,,,,,,a:0:{},,2.6.11,,,a:0:{},,,,test-2,publish,1484588065,,,,,,,"Howard Swann",66,,,"Fac 1","Fac 2",,18,,,71,,"Ricky Carvell",69,,,6122,1975,,,,,,,,,,,,,,,,,,,,,,,,,,,,,,,,,,,,,,,,,,,,,,,,,,,,,,,,,,a:0:{},a:0:{},Manchester,,,,,,,,,,,,,,,,
191,1,"2017-01-16 17:34:47","2017-01-16 17:34:47",,"Test 2",,trash,open,closed,,test-2__trashed-2,,,"2017-01-16 17:41:01","2017-01-16 17:41:01",,0,http://localhost/go2golf/courses/uncategorized/test-2/,0,product,,0,simple,,,,,,,,,,,,,,,,,,,,,,,,,,field_58503ab7ad084,field_58503ac4ad085,field_58503acead086,field_58503b14ad089,field_58503b00ad087,field_5845a427dc6c3,field_5845a3ecdc6c0,field_58503bb8ad091,,field_58503badad090,field_5845a352dc6bc,field_58503b1ead08a,field_58503b24ad08b,field_5845a3abdc6be,field_58503b0cad088,field_5845a412dc6c2,field_5845a3c1dc6bf,field_58503ba5ad08f,field_58503bc2ad092,field_5845a37adc6bd,field_5845a3fcdc6c1,,,,,,1484588298:1,,,,,,,,,,,,,,,,,test-2,publish,1484588461,,,,,,,"Howard Swann",66,,,"Fac 1","Fac 2",,18,,,71,,"Ricky Carvell",69,,,6122,1975,,,,,,,,,,,,,,,,,,,,,,,,,,,,,,,,,,,,,,,,,,,,,,,,,,,,,,,,,,,,manchester,,,,,,,,,,,,,,,,
193,1,"2017-01-16 17:44:05","2017-01-16 17:44:05",,"Test 2",,trash,open,closed,,test-2__trashed-3,,,"2017-01-16 17:46:45","2017-01-16 17:46:45",,0,http://localhost/go2golf/courses/uncategorized/test-2/,0,product,,0,simple,,,,,,,,,,,,,,,,,,,,,,,,,,field_58503ab7ad084,field_58503ac4ad085,field_58503acead086,field_58503b14ad089,field_58503b00ad087,field_5845a427dc6c3,field_5845a3ecdc6c0,field_58503bb8ad091,,field_58503badad090,field_5845a352dc6bc,field_58503b1ead08a,field_58503b24ad08b,field_5845a3abdc6be,field_58503b0cad088,field_5845a412dc6c2,field_5845a3c1dc6bf,field_58503ba5ad08f,field_58503bc2ad092,field_5845a37adc6bd,field_5845a3fcdc6c1,,,,,,1484588657:1,,,,,,,,,,,,,,,,,test-2,publish,1484588805,,,,,,,"Howard Swann",66,,,"Fac 1","Fac 2",,18,,,71,,"Ricky Carvell",69,,,6122,1975,,,,,,,,,,,,,,,,,,,,,,,,,,,,,,,,,,,,,,,,,,,,,,,,,,,,,,,,,,,,manchester,,,,,,,,,,,,,,,,
195,1,"2017-01-16 17:47:07","2017-01-16 17:47:07",,"Test 2",,trash,open,closed,,test-2__trashed-4,,,"2017-01-16 18:22:26","2017-01-16 18:22:26",,0,http://localhost/go2golf/courses/uncategorized/test-2/,0,product,,0,simple,,,,,,,,,,,,,,,,,,,,,,,,,,field_58503ab7ad084,field_58503ac4ad085,field_58503acead086,field_58503b14ad089,field_58503b00ad087,field_5845a427dc6c3,field_5845a3ecdc6c0,field_58503bb8ad091,,field_58503badad090,field_5845a352dc6bc,field_58503b1ead08a,field_58503b24ad08b,field_5845a3abdc6be,field_58503b0cad088,field_5845a412dc6c2,field_5845a3c1dc6bf,field_58503ba5ad08f,field_58503bc2ad092,field_5845a37adc6bd,field_5845a3fcdc6c1,,,,,,1484588699:1,,,,,,,,,,,,,,,,,test-2,publish,1484590946,,,,,,,"Howard Swann",66,,,"Fac 1","Fac 2",,18,,,71,,"Ricky Carvell",69,,,6122,1975,,,,,,,,,,,,,,,,,,,,,,,,,,,,,,,,,,,,,,,,,,,,,,,,,,,,,,,,,,,,Manchester,,,,,,,,,,,,,,,,
198,0,"2017-01-16 17:50:24","2017-01-16 17:50:24",,"High Heel Shoe",,trash,open,open,,high-heel-shoe__trashed,,,"2017-01-16 17:54:15","2017-01-16 17:54:15",,0,http://localhost/go2golf/courses/uncategorized/high-heel-shoe/,0,product,,0,simple,no,no,,no,,,,,,,12345,,,instock,,taxable,,no,visible,,,,,,,,,,,,,,,,,,,,,,,,,,,,a:0:{},,,no,,,,,,,,,,,,,,,a:0:{},,,,high-heel-shoe,publish,1484589255,,,,,,,,,,,,,,,,,,,,,,,,,,,,,,,,,,,,,,,,,,,,,,,,,,,,,,,,,,,,,,,,,,,,,,,,,,,,,,,,,,,,,,,,,,,,,,,,,,,,
199,0,"2017-01-16 17:50:24","2017-01-16 17:50:24",,"Running Shoe",,trash,open,open,,running-shoe__trashed,,,"2017-01-16 17:54:15","2017-01-16 17:54:15",,0,http://localhost/go2golf/courses/uncategorized/running-shoe/,0,product,,0,simple,no,no,,no,,,,,,,12346,,,instock,,taxable,,no,visible,,,,,,,,,,,,,,,,,,,,,,,,,,,,a:0:{},,,no,,,,,,,,,,,,,,,a:0:{},,,,running-shoe,publish,1484589255,,,,,,,,,,,,,,,,,,,,,,,,,,,,,,,,,,,,,,,,,,,,,,,,,,,,,,,,,,,,,,,,,,,,,,,,,,,,,,,,,,,,,,,,,,,,,,,,,,,,
200,0,"2017-01-16 17:52:38","2017-01-16 17:52:38",,"Test 2",,trash,open,open,,test-2-2__trashed,,,"2017-01-16 17:54:06","2017-01-16 17:54:06",,0,http://localhost/go2golf/courses/uncategorized/test-2-2/,0,product,,0,simple,no,no,,yes,,,,,,,,,,instock,,taxable,,no,visible,,,,,,,,,,,,,,,,,,,,,,,,,,,,a:0:{},,,no,,,,,,,,,,,,,,,a:0:{},,,,test-2-2,publish,1484589246,,,,,,,,,,,,,,,,,,,,,,,,,,,,,,,,,,,,,,,,,,,,,,,,,,,,,,,,,,,,,,,,,,,,,,,,,,,,,,,,,,,,,,,,,,,,,,,Manchester,,,,,
201,0,"2017-01-16 17:55:19","2017-01-16 17:55:19",,"Golfy test 1",,trash,open,open,,golfy-test-1-2__trashed,,,"2017-01-16 17:58:20","2017-01-16 17:58:20",,0,http://localhost/go2golf/courses/uncategorized/golfy-test-1-2/,0,product,,0,simple,no,no,,yes,,,,,,,,,,instock,,taxable,,no,visible,,,,,,,,,,,,,,,,,,,,,,,,,,,,a:0:{},,,no,,,,,,,,,,,,,,,a:0:{},,,,golfy-test-1-2,publish,1484589500,,,,,,,,,,,,,,,,,,,,,,,,,,,,,,,,,,,,,,,,,,,,,,,,,,,,,,,,,,,,,,,,,,,,,,,,,,,,,,,,,,,,,,,,,,,,,,,Manchester,,,,,
202,0,"2017-01-16 17:55:19","2017-01-16 17:55:19",,"Abbey Hill Golf Centre",,trash,open,open,,abbey-hill-golf-centre-2__trashed,,,"2017-01-16 17:58:20","2017-01-16 17:58:20",,0,http://localhost/go2golf/courses/uncategorized/abbey-hill-golf-centre-2/,0,product,,0,simple,no,no,,yes,,,,,,,,,,instock,,taxable,,no,visible,,,,,,,,,,,,,,,,,,,,,,,,,,,,a:0:{},,,no,,1484589307:1,,,,,,,,,,,,,a:0:{},,,,abbey-hill-golf-centre-2,publish,1484589500,,,,,,,,,,,,,,,,,,,,,,,,,,,,,,,,,,,,,,,,,,,,,,,,,,,,,,,,,,,,,,,,,,,,,,,,,,,,,,,,,,,,,,,,,,,,,,,,,,,,
203,0,"2017-01-16 17:55:20","2017-01-16 17:55:20",,"Abbey Hotel Golf & Country Club",,trash,open,open,,abbey-hotel-golf-country-club-2__trashed,,,"2017-01-16 17:58:13","2017-01-16 17:58:13",,0,http://localhost/go2golf/courses/uncategorized/abbey-hotel-golf-country-club-2/,0,product,,0,simple,no,no,,yes,,,,,,,,,,instock,,taxable,,no,visible,,,,,,,,,,,,,,,,,,,,,,,,,,,,a:0:{},,,no,,,,,,,,,,,,,,,a:0:{},,,,abbey-hotel-golf-country-club-2,publish,1484589493,,,,,,,,,,,,,,,,,,,,,,,,,,,,,,,,,,,,,,,,,,,,,,,,,,,,,,,,,,,,,,,,,,,,,,,,,,,,,,,,,,,,,,,,,,,,,,,,,,,,
204,0,"2017-01-16 17:55:20","2017-01-16 17:55:20",,"Abbey Moor Golf Course",,trash,open,open,,abbey-moor-golf-course-2__trashed,,,"2017-01-16 17:58:13","2017-01-16 17:58:13",,0,http://localhost/go2golf/courses/uncategorized/abbey-moor-golf-course-2/,0,product,,0,simple,no,no,,yes,,,,,,,,,,instock,,taxable,,no,visible,,,,,,,,,,,,,,,,,,,,,,,,,,,,a:0:{},,,no,,,,,,,,,,,,,,,a:0:{},,,,abbey-moor-golf-course-2,publish,1484589493,,,,,,,,,,,,,,,,,,,,,,,,,,,,,,,,,,,,,,,,,,,,,,,,,,,,,,,,,,,,,,,,,,,,,,,,,,,,,,,,,,,,,,,,,,,,,,,,,,,,
205,0,"2017-01-16 17:55:20","2017-01-16 17:55:20",,"Abbey View",,trash,open,open,,abbey-view-2__trashed,,,"2017-01-16 17:58:13","2017-01-16 17:58:13",,0,http://localhost/go2golf/courses/uncategorized/abbey-view-2/,0,product,,0,simple,no,no,,yes,,,,,,,,,,instock,,taxable,,no,visible,,,,,,,,,,,,,,,,,,,,,,,,,,,,a:0:{},,,no,,,,,,,,,,,,,,,a:0:{},,,,abbey-view-2,publish,1484589493,,,,,,,,,,,,,,,,,,,,,,,,,,,,,,,,,,,,,,,,,,,,,,,,,,,,,,,,,,,,,,,,,,,,,,,,,,,,,,,,,,,,,,,,,,,,,,,,,,,,
206,0,"2017-01-16 17:55:20","2017-01-16 17:55:20",,"Abbeydale Golf Club",,trash,open,open,,abbeydale-golf-club-2__trashed,,,"2017-01-16 17:58:13","2017-01-16 17:58:13",,0,http://localhost/go2golf/courses/uncategorized/abbeydale-golf-club-2/,0,product,,0,simple,no,no,,yes,,,,,,,,,,instock,,taxable,,no,visible,,,,,,,,,,,,,,,,,,,,,,,,,,,,a:0:{},,,no,,,,,,,,,,,,,,,a:0:{},,,,abbeydale-golf-club-2,publish,1484589493,,,,,,,,,,,,,,,,,,,,,,,,,,,,,,,,,,,,,,,,,,,,,,,,,,,,,,,,,,,,,,,,,,,,,,,,,,,,,,,,,,,,,,,,,,,,,,,,,,,,
207,0,"2017-01-16 17:55:21","2017-01-16 17:55:21",,"Abbeyfeale Golf Club",,trash,open,open,,abbeyfeale-golf-club-2__trashed,,,"2017-01-16 17:58:13","2017-01-16 17:58:13",,0,http://localhost/go2golf/courses/uncategorized/abbeyfeale-golf-club-2/,0,product,,0,simple,no,no,,yes,,,,,,,,,,instock,,taxable,,no,visible,,,,,,,,,,,,,,,,,,,,,,,,,,,,a:0:{},,,no,,,,,,,,,,,,,,,a:0:{},,,,abbeyfeale-golf-club-2,publish,1484589493,,,,,,,,,,,,,,,,,,,,,,,,,,,,,,,,,,,,,,,,,,,,,,,,,,,,,,,,,,,,,,,,,,,,,,,,,,,,,,,,,,,,,,,,,,,,,,,,,,,,
208,0,"2017-01-16 17:55:21","2017-01-16 17:55:21",,"Abbeyleix Golf Club",,trash,open,open,,abbeyleix-golf-club-2__trashed,,,"2017-01-16 17:58:13","2017-01-16 17:58:13",,0,http://localhost/go2golf/courses/uncategorized/abbeyleix-golf-club-2/,0,product,,0,simple,no,no,,yes,,,,,,,,,,instock,,taxable,,no,visible,,,,,,,,,,,,,,,,,,,,,,,,,,,,a:0:{},,,no,,,,,,,,,,,,,,,a:0:{},,,,abbeyleix-golf-club-2,publish,1484589493,,,,,,,,,,,,,,,,,,,,,,,,,,,,,,,,,,,,,,,,,,,,,,,,,,,,,,,,,,,,,,,,,,,,,,,,,,,,,,,,,,,,,,,,,,,,,,,,,,,,
209,0,"2017-01-16 17:55:22","2017-01-16 17:55:22",,"Abbotsley Golf Course",,trash,open,open,,abbotsley-golf-course-2__trashed,,,"2017-01-16 17:58:13","2017-01-16 17:58:13",,0,http://localhost/go2golf/courses/uncategorized/abbotsley-golf-course-2/,0,product,,0,simple,no,no,,yes,,,,,,,,,,instock,,taxable,,no,visible,,,,,,,,,,,,,,,,,,,,,,,,,,,,a:0:{},,,no,,,,,,,,,,,,,,,a:0:{},,,,abbotsley-golf-course-2,publish,1484589493,,,,,,,,,,,,,,,,,,,,,,,,,,,,,,,,,,,,,,,,,,,,,,,,,,,,,,,,,,,,,,,,,,,,,,,,,,,,,,,,,,,,,,,,,,,,,,,,,,,,
210,0,"2017-01-16 17:55:22","2017-01-16 17:55:22",,Aberdare,,trash,open,open,,aberdare-2__trashed,,,"2017-01-16 17:58:13","2017-01-16 17:58:13",,0,http://localhost/go2golf/courses/uncategorized/aberdare-2/,0,product,,0,simple,no,no,,yes,,,,,,,,,,instock,,taxable,,no,visible,,,,,,,,,,,,,,,,,,,,,,,,,,,,a:0:{},,,no,,,,,,,,,,,,,,,a:0:{},,,,aberdare-2,publish,1484589493,,,,,,,,,,,,,,,,,,,,,,,,,,,,,,,,,,,,,,,,,,,,,,,,,,,,,,,,,,,,,,,,,,,,,,,,,,,,,,,,,,,,,,,,,,,,,,,,,,,,
211,0,"2017-01-16 17:55:22","2017-01-16 17:55:22",,"Aberdelghy Golf Course",,trash,open,open,,aberdelghy-golf-course-2__trashed,,,"2017-01-16 17:58:13","2017-01-16 17:58:13",,0,http://localhost/go2golf/courses/uncategorized/aberdelghy-golf-course-2/,0,product,,0,simple,no,no,,yes,,,,,,,,,,instock,,taxable,,no,visible,,,,,,,,,,,,,,,,,,,,,,,,,,,,a:0:{},,,no,,,,,,,,,,,,,,,a:0:{},,,,aberdelghy-golf-course-2,publish,1484589493,,,,,,,,,,,,,,,,,,,,,,,,,,,,,,,,,,,,,,,,,,,,,,,,,,,,,,,,,,,,,,,,,,,,,,,,,,,,,,,,,,,,,,,,,,,,,,,,,,,,
212,0,"2017-01-16 17:55:23","2017-01-16 17:55:23",,"Aberdour Golf Club",,trash,open,open,,aberdour-golf-club-2__trashed,,,"2017-01-16 17:58:13","2017-01-16 17:58:13",,0,http://localhost/go2golf/courses/uncategorized/aberdour-golf-club-2/,0,product,,0,simple,no,no,,yes,,,,,,,,,,instock,,taxable,,no,visible,,,,,,,,,,,,,,,,,,,,,,,,,,,,a:0:{},,,no,,,,,,,,,,,,,,,a:0:{},,,,aberdour-golf-club-2,publish,1484589493,,,,,,,,,,,,,,,,,,,,,,,,,,,,,,,,,,,,,,,,,,,,,,,,,,,,,,,,,,,,,,,,,,,,,,,,,,,,,,,,,,,,,,,,,,,,,,,,,,,,
213,0,"2017-01-16 17:55:23","2017-01-16 17:55:23",,"Aberdovey Golf Club",,trash,open,open,,aberdovey-golf-club-2__trashed,,,"2017-01-16 17:58:13","2017-01-16 17:58:13",,0,http://localhost/go2golf/courses/uncategorized/aberdovey-golf-club-2/,0,product,,0,simple,no,no,,yes,,,,,,,,,,instock,,taxable,,no,visible,,,,,,,,,,,,,,,,,,,,,,,,,,,,a:0:{},,,no,,,,,,,,,,,,,,,a:0:{},,,,aberdovey-golf-club-2,publish,1484589493,,,,,,,,,,,,,,,,,,,,,,,,,,,,,,,,,,,,,,,,,,,,,,,,,,,,,,,,,,,,,,,,,,,,,,,,,,,,,,,,,,,,,,,,,,,,,,,,,,,,
214,0,"2017-01-16 17:55:23","2017-01-16 17:55:23",,"Aberfeldy Golf Club",,trash,open,open,,aberfeldy-golf-club-2__trashed,,,"2017-01-16 17:58:13","2017-01-16 17:58:13",,0,http://localhost/go2golf/courses/uncategorized/aberfeldy-golf-club-2/,0,product,,0,simple,no,no,,yes,,,,,,,,,,instock,,taxable,,no,visible,,,,,,,,,,,,,,,,,,,,,,,,,,,,a:0:{},,,no,,,,,,,,,,,,,,,a:0:{},,,,aberfeldy-golf-club-2,publish,1484589493,,,,,,,,,,,,,,,,,,,,,,,,,,,,,,,,,,,,,,,,,,,,,,,,,,,,,,,,,,,,,,,,,,,,,,,,,,,,,,,,,,,,,,,,,,,,,,,,,,,,
215,0,"2017-01-16 17:55:24","2017-01-16 17:55:24",,Aberfoyle,,trash,open,open,,aberfoyle-2__trashed,,,"2017-01-16 17:58:13","2017-01-16 17:58:13",,0,http://localhost/go2golf/courses/uncategorized/aberfoyle-2/,0,product,,0,simple,no,no,,yes,,,,,,,,,,instock,,taxable,,no,visible,,,,,,,,,,,,,,,,,,,,,,,,,,,,a:0:{},,,no,,,,,,,,,,,,,,,a:0:{},,,,aberfoyle-2,publish,1484589493,,,,,,,,,,,,,,,,,,,,,,,,,,,,,,,,,,,,,,,,,,,,,,,,,,,,,,,,,,,,,,,,,,,,,,,,,,,,,,,,,,,,,,,,,,,,,,,,,,,,
216,0,"2017-01-16 17:55:24","2017-01-16 17:55:24",,"Abergele Golf Course",,trash,open,open,,abergele-golf-course-2__trashed,,,"2017-01-16 17:58:13","2017-01-16 17:58:13",,0,http://localhost/go2golf/courses/uncategorized/abergele-golf-course-2/,0,product,,0,simple,no,no,,yes,,,,,,,,,,instock,,taxable,,no,visible,,,,,,,,,,,,,,,,,,,,,,,,,,,,a:0:{},,,no,,,,,,,,,,,,,,,a:0:{},,,,abergele-golf-course-2,publish,1484589493,,,,,,,,,,,,,,,,,,,,,,,,,,,,,,,,,,,,,,,,,,,,,,,,,,,,,,,,,,,,,,,,,,,,,,,,,,,,,,,,,,,,,,,,,,,,,,,,,,,,
217,0,"2017-01-16 17:55:25","2017-01-16 17:55:25",,"Abernethy Golf Club",,trash,open,open,,abernethy-golf-club-2__trashed,,,"2017-01-16 17:58:13","2017-01-16 17:58:13",,0,http://localhost/go2golf/courses/uncategorized/abernethy-golf-club-2/,0,product,,0,simple,no,no,,yes,,,,,,,,,,instock,,taxable,,no,visible,,,,,,,,,,,,,,,,,,,,,,,,,,,,a:0:{},,,no,,,,,,,,,,,,,,,a:0:{},,,,abernethy-golf-club-2,publish,1484589493,,,,,,,,,,,,,,,,,,,,,,,,,,,,,,,,,,,,,,,,,,,,,,,,,,,,,,,,,,,,,,,,,,,,,,,,,,,,,,,,,,,,,,,,,,,,,,,,,,,,
218,0,"2017-01-16 17:55:25","2017-01-16 17:55:25",,"Abersoch Golf Club",,trash,open,open,,abersoch-golf-club-2__trashed,,,"2017-01-16 17:58:13","2017-01-16 17:58:13",,0,http://localhost/go2golf/courses/uncategorized/abersoch-golf-club-2/,0,product,,0,simple,no,no,,yes,,,,,,,,,,instock,,taxable,,no,visible,,,,,,,,,,,,,,,,,,,,,,,,,,,,a:0:{},,,no,,,,,,,,,,,,,,,a:0:{},,,,abersoch-golf-club-2,publish,1484589493,,,,,,,,,,,,,,,,,,,,,,,,,,,,,,,,,,,,,,,,,,,,,,,,,,,,,,,,,,,,,,,,,,,,,,,,,,,,,,,,,,,,,,,,,,,,,,,,,,,,
219,0,"2017-01-16 17:55:25","2017-01-16 17:55:25",,"Aberystwyth Golf Club",,trash,open,open,,aberystwyth-golf-club-2__trashed,,,"2017-01-16 17:58:13","2017-01-16 17:58:13",,0,http://localhost/go2golf/courses/uncategorized/aberystwyth-golf-club-2/,0,product,,0,simple,no,no,,yes,,,,,,,,,,instock,,taxable,,no,visible,,,,,,,,,,,,,,,,,,,,,,,,,,,,a:0:{},,,no,,,,,,,,,,,,,,,a:0:{},,,,aberystwyth-golf-club-2,publish,1484589493,,,,,,,,,,,,,,,,,,,,,,,,,,,,,,,,,,,,,,,,,,,,,,,,,,,,,,,,,,,,,,,,,,,,,,,,,,,,,,,,,,,,,,,,,,,,,,,,,,,,
220,0,"2017-01-16 17:55:25","2017-01-16 17:55:25",,"Aboyne Golf Club",,trash,open,open,,aboyne-golf-club-2__trashed,,,"2017-01-16 17:58:13","2017-01-16 17:58:13",,0,http://localhost/go2golf/courses/uncategorized/aboyne-golf-club-2/,0,product,,0,simple,no,no,,yes,,,,,,,,,,instock,,taxable,,no,visible,,,,,,,,,,,,,,,,,,,,,,,,,,,,a:0:{},,,no,,,,,,,,,,,,,,,a:0:{},,,,aboyne-golf-club-2,publish,1484589493,,,,,,,,,,,,,,,,,,,,,,,,,,,,,,,,,,,,,,,,,,,,,,,,,,,,,,,,,,,,,,,,,,,,,,,,,,,,,,,,,,,,,,,,,,,,,,,,,,,,
221,0,"2017-01-16 17:55:26","2017-01-16 17:55:26",,"Aboyne Loch Golf Course",,trash,open,open,,aboyne-loch-golf-course-2__trashed,,,"2017-01-16 17:58:13","2017-01-16 17:58:13",,0,http://localhost/go2golf/courses/uncategorized/aboyne-loch-golf-course-2/,0,product,,0,simple,no,no,,yes,,,,,,,,,,instock,,taxable,,no,visible,,,,,,,,,,,,,,,,,,,,,,,,,,,,a:0:{},,,no,,,,,,,,,,,,,,,a:0:{},,,,aboyne-loch-golf-course-2,publish,1484589493,,,,,,,,,,,,,,,,,,,,,,,,,,,,,,,,,,,,,,,,,,,,,,,,,,,,,,,,,,,,,,,,,,,,,,,,,,,,,,,,,,,,,,,,,,,,,,,,,,,,
222,0,"2017-01-16 17:55:26","2017-01-16 17:55:26",,"Abridge Golf and Country Club",,trash,open,open,,abridge-golf-and-country-club-2__trashed,,,"2017-01-16 17:58:13","2017-01-16 17:58:13",,0,http://localhost/go2golf/courses/uncategorized/abridge-golf-and-country-club-2/,0,product,,0,simple,no,no,,yes,,,,,,,,,,instock,,taxable,,no,visible,,,,,,,,,,,,,,,,,,,,,,,,,,,,a:0:{},,,no,,1484589341:1,,,,,,,,,,,,,a:0:{},,,,abridge-golf-and-country-club-2,publish,1484589493,,,,,,,,,,,,,,,,,,,,,,,,,,,,,,,,,,,,,,,,,,,,,,,,,,,,,,,,,,,,,,,,,,,,,,,,,,,,,,,,,,,,,,,,,,,,,,,,,,,,
225,1,"2017-01-16 18:02:52","2017-01-16 18:02:52",,"Golfy test 1",,trash,open,closed,,golfy-test-1__trashed-2,,,"2017-01-16 18:22:26","2017-01-16 18:22:26",,0,http://localhost/go2golf/courses/uncategorized/golfy-test-1/,0,product,,0,simple,,,,,,,,,,,,,,,,,,,,,,,,,,field_58503ab7ad084,field_58503ac4ad085,field_58503acead086,field_58503b14ad089,field_58503b00ad087,field_5845a427dc6c3,field_5845a3ecdc6c0,field_58503bb8ad091,,field_58503badad090,field_5845a352dc6bc,field_58503b1ead08a,field_58503b24ad08b,field_5845a3abdc6be,field_58503b0cad088,field_5845a412dc6c2,field_5845a3c1dc6bf,field_58503ba5ad08f,field_58503bc2ad092,field_5845a37adc6bd,field_5845a3fcdc6c1,,,,,,,,,,,,,,,,,,,,,,,golfy-test-1,publish,1484590946,,,,,,,"Howard Swann",66,,,"Fac 1","Fac 2",,18,,,71,,"Ricky Carvell",69,,,6122,1975,,,,,,,,,,,,,,,,,,,,,,,,,,,,,,,,,,,,,,,,,,,,,,,,,,,,,,,,,,,,manchester,,,,,,,,,,,,,,,,
227,1,"2017-01-16 18:03:18","2017-01-16 18:03:18",,"Golfy test 1",,trash,open,closed,,golfy-test-1-2__trashed-2,,,"2017-01-16 18:22:26","2017-01-16 18:22:26",,0,http://localhost/go2golf/courses/uncategorized/golfy-test-1-2/,0,product,,0,simple,,,,,,,,,,,,,,,,,,,,,,,,,,field_58503ab7ad084,field_58503ac4ad085,field_58503acead086,field_58503b14ad089,field_58503b00ad087,field_5845a427dc6c3,field_5845a3ecdc6c0,field_58503bb8ad091,,field_58503badad090,field_5845a352dc6bc,field_58503b1ead08a,field_58503b24ad08b,field_5845a3abdc6be,field_58503b0cad088,field_5845a412dc6c2,field_5845a3c1dc6bf,field_58503ba5ad08f,field_58503bc2ad092,field_5845a37adc6bd,field_5845a3fcdc6c1,,,,,,,,,,,,,,,,,,,,,,,golfy-test-1-2,publish,1484590946,manchester,,,,,,"Howard Swann",66,,,"Fac 1","Fac 2",,18,,,71,,"Ricky Carvell",69,,,6122,1975,,,,,,,,,,,,,,,,,,,,,,,,,,,,,,,,,,,,,,,,,,,,,,,,,,,,,,,,,,,,manchester,,,,,,,,,,,,,,,,
232,1,"2017-01-16 18:04:31","2017-01-16 18:04:31",,"Golfy test 1",,trash,open,closed,,golfy-test-1-3__trashed,,,"2017-01-16 18:22:26","2017-01-16 18:22:26",,0,http://localhost/go2golf/courses/uncategorized/golfy-test-1-3/,0,product,,0,simple,,,,,,,,,,,,,,,,,,,,,,,,,,field_58503ab7ad084,field_58503ac4ad085,field_58503acead086,field_58503b14ad089,field_58503b00ad087,field_5845a427dc6c3,field_5845a3ecdc6c0,field_58503bb8ad091,,field_58503badad090,field_5845a352dc6bc,field_58503b1ead08a,field_58503b24ad08b,field_5845a3abdc6be,field_58503b0cad088,field_5845a412dc6c2,field_5845a3c1dc6bf,field_58503ba5ad08f,field_58503bc2ad092,field_5845a37adc6bd,field_5845a3fcdc6c1,,,,,,1484589983:1,,,,,,,,,,,,,,,,,golfy-test-1-3,publish,1484590946,,,,,,,"Howard Swann",66,,,"Fac 1","Fac 2",,18,,,71,,"Ricky Carvell",69,,,6122,1975,,,,,,,,,,,,,,,,,,,,,,,,,,,,,,,,,,,,,,,,,,,,,,,,,,,,,,,,,,,,,,,,,,,,,,,,,,,,
234,1,"2017-01-16 18:22:44","2017-01-16 18:22:44",,"Golfy test 1",,trash,open,closed,,golfy-test-1__trashed-3,,,"2017-01-16 18:25:51","2017-01-16 18:25:51",,0,http://localhost/go2golf/courses/uncategorized/golfy-test-1/,0,product,,0,simple,,,,,,,,,,,,,,,,,,,,,,,,,,field_58503ab7ad084,field_58503ac4ad085,field_58503acead086,field_58503b14ad089,field_58503b00ad087,field_5845a427dc6c3,field_5845a3ecdc6c0,field_58503bb8ad091,,field_58503badad090,field_5845a352dc6bc,field_58503b1ead08a,field_58503b24ad08b,field_5845a3abdc6be,field_58503b0cad088,field_5845a412dc6c2,field_5845a3c1dc6bf,field_58503ba5ad08f,field_58503bc2ad092,field_5845a37adc6bd,field_5845a3fcdc6c1,,,,,,,,,,,,,,,,,,,,,,,golfy-test-1,publish,1484591151,,,,,,,"Howard Swann",66,,,"Fac 1","Fac 2",,18,,,71,,"Ricky Carvell",69,,,6122,1975,,,,,,,,,,,,,,,,,,,,,,,,,,,,,,,,,,,,,,,,,,,,,,,,,,,,,,,,,,,,,,,,,,,,,,,Manchester,,,,,
236,1,"2017-01-16 18:25:20","2017-01-16 18:25:20",,"Golfy test 1",,trash,open,closed,,golfy-test-1-2__trashed-3,,,"2017-01-16 18:25:51","2017-01-16 18:25:51",,0,http://localhost/go2golf/courses/uncategorized/golfy-test-1-2/,0,product,,0,simple,,,,,,,,,,,,,,,,,,,,,,,,,,field_58503ab7ad084,field_58503ac4ad085,field_58503acead086,field_58503b14ad089,field_58503b00ad087,field_5845a427dc6c3,field_5845a3ecdc6c0,field_58503bb8ad091,,field_58503badad090,field_5845a352dc6bc,field_58503b1ead08a,field_58503b24ad08b,field_5845a3abdc6be,field_58503b0cad088,field_5845a412dc6c2,field_5845a3c1dc6bf,field_58503ba5ad08f,field_58503bc2ad092,field_5845a37adc6bd,field_5845a3fcdc6c1,,,,,,,,,,,,,,,,,,,,,,,golfy-test-1-2,publish,1484591151,,,,,,,"Howard Swann",66,,,"Fac 1","Fac 2",,18,,,71,,"Ricky Carvell",69,,,6122,1975,,,,,,,,,,,,,,,,,,,,,,,,,,,,,,,,,,,,,,,,,,,,,,,,,,,,,,,,,,,,manchester,,,,,,,,,,,,,,,,
237,1,"2017-01-16 18:25:20","2017-01-16 18:25:20",,"Abbey Hill Golf Centre",,trash,open,closed,,abbey-hill-golf-centre-2__trashed-2,,,"2017-01-16 18:25:40","2017-01-16 18:25:40",,0,http://localhost/go2golf/courses/uncategorized/abbey-hill-golf-centre-2/,0,product,,0,simple,,,,,,,,,,,,,,,,,,,,,,,,,,field_58503ab7ad084,field_58503ac4ad085,field_58503acead086,field_58503b14ad089,field_58503b00ad087,field_5845a427dc6c3,field_5845a3ecdc6c0,field_58503bb8ad091,,field_58503badad090,field_5845a352dc6bc,field_58503b1ead08a,field_58503b24ad08b,field_5845a3abdc6be,field_58503b0cad088,field_5845a412dc6c2,field_5845a3c1dc6bf,field_58503ba5ad08f,field_58503bc2ad092,field_5845a37adc6bd,field_5845a3fcdc6c1,,,,,,,,,,,,,,,,,,,,,,,abbey-hill-golf-centre-2,publish,1484591140,,"Monks Way","Two Mile Hash ","Milton Keynes","United Kingdom",Buckinghamshire,"Howard Swann",66,events@abbeyhillgc.co.uk,,,,,18,52.0436,-0.8112,71,"MK8 8AA","Ricky Carvell",69,"01908 562408 ",www.abbeyhillgc.co.uk,6122,1975,,,,,,,,,,,,,,,,,,,,,,,,,,,,,,,,,,,,,,,,,,,,,,,,,,,,,,,,,,,,,,,,,,,,,,,,,,,,
238,1,"2017-01-16 18:25:20","2017-01-16 18:25:20",,"Abbey Hotel Golf & Country Club",,trash,open,closed,,abbey-hotel-golf-country-club-2__trashed-2,,,"2017-01-16 18:25:40","2017-01-16 18:25:40",,0,http://localhost/go2golf/courses/uncategorized/abbey-hotel-golf-country-club-2/,0,product,,0,simple,,,,,,,,,,,,,,,,,,,,,,,,,,field_58503ab7ad084,field_58503ac4ad085,field_58503acead086,field_58503b14ad089,field_58503b00ad087,field_5845a427dc6c3,field_5845a3ecdc6c0,field_58503bb8ad091,,field_58503badad090,field_5845a352dc6bc,field_58503b1ead08a,field_58503b24ad08b,field_5845a3abdc6be,field_58503b0cad088,field_5845a412dc6c2,field_5845a3c1dc6bf,field_58503ba5ad08f,field_58503bc2ad092,field_5845a37adc6bd,field_5845a3fcdc6c1,,,,,,,,,,,,,,,,,,,,,,,abbey-hotel-golf-country-club-2,publish,1484591140,,"Dagnell End Road","Hither Green Lane",Redditch,"United Kingdom",Worcestershire,"Donald Steele",,info@theabbeyhotel.co.uk,,,,"01527 406514",18,52.3231,-1.9228,72,"B98 9BE","R Davies",72,"01527 406 600",www.theabbeyhotel.co.uk,6561,1998,,,,,,,,,,,,,,,,,,,,,,,,,,,,,,,,,,,,,,,,,,,,,,,,,,,,,,,,,,,,,,,,,,,,,,,,,,,,
239,1,"2017-01-16 18:25:20","2017-01-16 18:25:20",,"Abbey Moor Golf Course",,trash,open,closed,,abbey-moor-golf-course-2__trashed-2,,,"2017-01-16 18:26:04","2017-01-16 18:26:04",,0,http://localhost/go2golf/courses/uncategorized/abbey-moor-golf-course-2/,0,product,,0,simple,,,,,,,,,,,,,,,,,,,,,,,,,,field_58503ab7ad084,field_58503ac4ad085,field_58503acead086,field_58503b14ad089,field_58503b00ad087,field_5845a427dc6c3,field_5845a3ecdc6c0,field_58503bb8ad091,,field_58503badad090,field_5845a352dc6bc,field_58503b1ead08a,field_58503b24ad08b,field_5845a3abdc6be,field_58503b0cad088,field_5845a412dc6c2,field_5845a3c1dc6bf,field_58503ba5ad08f,field_58503bc2ad092,field_5845a37adc6bd,field_5845a3fcdc6c1,,,,,,,,,,,,,,,,,,,,,,,abbey-moor-golf-course-2,publish,1484591164,,"Green Lane",,Addlestone,"United Kingdom",Surrey,"David Walker",,,,,,,9,51.376917,-0.506731,68,"KT15 2XV","Richard Wiltshire",66,"01932 570741",http://www.abbeymoorgc.co.uk/,2571,1991,,,,,,,,,,,,,,,,,,,,,,,,,,,,,,,,,,,,,,,,,,,,,,,,,,,,,,,,,,,,,,,,,,,,,,,,,,,,
240,1,"2017-01-16 18:25:21","2017-01-16 18:25:21",,"Abbey View",,trash,open,closed,,abbey-view-2__trashed-2,,,"2017-01-16 18:25:40","2017-01-16 18:25:40",,0,http://localhost/go2golf/courses/uncategorized/abbey-view-2/,0,product,,0,simple,,,,,,,,,,,,,,,,,,,,,,,,,,field_58503ab7ad084,field_58503ac4ad085,field_58503acead086,field_58503b14ad089,field_58503b00ad087,field_5845a427dc6c3,field_5845a3ecdc6c0,field_58503bb8ad091,,field_58503badad090,field_5845a352dc6bc,field_58503b1ead08a,field_58503b24ad08b,field_5845a3abdc6be,field_58503b0cad088,field_5845a412dc6c2,field_5845a3c1dc6bf,field_58503ba5ad08f,field_58503bc2ad092,field_5845a37adc6bd,field_5845a3fcdc6c1,,,,,,,,,,,,,,,,,,,,,,,abbey-view-2,publish,1484591140,,"Westminster Lodge Leisure Centre","Holywell Hill","St Albans","United Kingdom",Hertfordshire,,27,abbey.view@leisureconnection.co.uk,,,,"01727 848468",9,51.7452,-0.3451,29,"AL1 2DL","Mark Flitton",30,"01727 868 227",www.leisureconnection.co.uk,1411,1994,,,,,,,,,,,,,,,,,,,,,,,,,,,,,,,,,,,,,,,,,,,,,,,,,,,,,,,,,,,,,,,,,,,,,,,,,,,,
241,1,"2017-01-16 18:25:21","2017-01-16 18:25:21",,"Abbeydale Golf Club",,trash,open,closed,,abbeydale-golf-club-2__trashed-2,,,"2017-01-16 18:25:40","2017-01-16 18:25:40",,0,http://localhost/go2golf/courses/uncategorized/abbeydale-golf-club-2/,0,product,,0,simple,,,,,,,,,,,,,,,,,,,,,,,,,,field_58503ab7ad084,field_58503ac4ad085,field_58503acead086,field_58503b14ad089,field_58503b00ad087,field_5845a427dc6c3,field_5845a3ecdc6c0,field_58503bb8ad091,,field_58503badad090,field_5845a352dc6bc,field_58503b1ead08a,field_58503b24ad08b,field_5845a3abdc6be,field_58503b0cad088,field_5845a412dc6c2,field_5845a3c1dc6bf,field_58503ba5ad08f,field_58503bc2ad092,field_5845a37adc6bd,field_5845a3fcdc6c1,,,,,,,,,,,,,,,,,,,,,,,abbeydale-golf-club-2,publish,1484591140,,"Twentywell Lane",Dore,Sheffield,"United Kingdom","South Yorkshire","Herbert Fowler",64,abbeygolf@btconnect.com,,,,"0114 236 0762",18,53.3245,-1.5114,71,"S17 4QA","Nigel Perry",70,"0114 236 0763",http://www.abbeydalegolfclub.co.uk/,6261,1895,,,,,,,,,,,,,,,,,,,,,,,,,,,,,,,,,,,,,,,,,,,,,,,,,,,,,,,,,,,,,,,,,,,,,,,,,,,,
242,1,"2017-01-16 18:25:21","2017-01-16 18:25:21",,"Abbeyfeale Golf Club",,trash,open,closed,,abbeyfeale-golf-club-2__trashed-2,,,"2017-01-16 18:25:40","2017-01-16 18:25:40",,0,http://localhost/go2golf/courses/uncategorized/abbeyfeale-golf-club-2/,0,product,,0,simple,,,,,,,,,,,,,,,,,,,,,,,,,,field_58503ab7ad084,field_58503ac4ad085,field_58503acead086,field_58503b14ad089,field_58503b00ad087,field_5845a427dc6c3,field_5845a3ecdc6c0,field_58503bb8ad091,,field_58503badad090,field_5845a352dc6bc,field_58503b1ead08a,field_58503b24ad08b,field_5845a3abdc6be,field_58503b0cad088,field_5845a412dc6c2,field_5845a3c1dc6bf,field_58503ba5ad08f,field_58503bc2ad092,field_5845a37adc6bd,field_5845a3fcdc6c1,,,,,,,,,,,,,,,,,,,,,,,abbeyfeale-golf-club-2,publish,1484591140,,"Dromtrasna Collins",,Abbeyfeale,"United Kingdom",,"Dr.Arthur Spring",,Abbeyfealegolf@eircom.net,,,,,9,52.3879,-9.272582,61,"Co. Limerick","Mark Heinemann",62,"068 32033 or 087 7935261",http://www.abbeyfealegolfclub.com/,4389,1994,,,,,,,,,,,,,,,,,,,,,,,,,,,,,,,,,,,,,,,,,,,,,,,,,,,,,,,,,,,,,,,,,,,,,,,,,,,,
243,1,"2017-01-16 18:25:21","2017-01-16 18:25:21",,"Abbeyleix Golf Club",,trash,open,closed,,abbeyleix-golf-club-2__trashed-2,,,"2017-01-16 18:25:40","2017-01-16 18:25:40",,0,http://localhost/go2golf/courses/uncategorized/abbeyleix-golf-club-2/,0,product,,0,simple,,,,,,,,,,,,,,,,,,,,,,,,,,field_58503ab7ad084,field_58503ac4ad085,field_58503acead086,field_58503b14ad089,field_58503b00ad087,field_5845a427dc6c3,field_5845a3ecdc6c0,field_58503bb8ad091,,field_58503badad090,field_5845a352dc6bc,field_58503b1ead08a,field_58503b24ad08b,field_5845a3abdc6be,field_58503b0cad088,field_5845a412dc6c2,field_5845a3c1dc6bf,field_58503ba5ad08f,field_58503bc2ad092,field_5845a37adc6bd,field_5845a3fcdc6c1,,,,,,,,,,,,,,,,,,,,,,,abbeyleix-golf-club-2,publish,1484591140,,Rathmoyle,,Abbeyleix,"United Kingdom",,"Mel Flanagan",,info@abbeyleixgolfclub.ie,,,,,18,52.923,-7.3474,72,"Co. Laois",,70,"057 8731450",www.abbeyleixgolfclub.ie,5557,,,,,,,,,,,,,,,,,,,,,,,,,,,,,,,,,,,,,,,,,,,,,,,,,,,,,,,,,,,,,,,,,,,,,,,,,,,,,
244,1,"2017-01-16 18:25:21","2017-01-16 18:25:21",,"Abbotsley Golf Course",,trash,open,closed,,abbotsley-golf-course-2__trashed-2,,,"2017-01-16 18:25:40","2017-01-16 18:25:40",,0,http://localhost/go2golf/courses/uncategorized/abbotsley-golf-course-2/,0,product,,0,simple,,,,,,,,,,,,,,,,,,,,,,,,,,field_58503ab7ad084,field_58503ac4ad085,field_58503acead086,field_58503b14ad089,field_58503b00ad087,field_5845a427dc6c3,field_5845a3ecdc6c0,field_58503bb8ad091,,field_58503badad090,field_5845a352dc6bc,field_58503b1ead08a,field_58503b24ad08b,field_5845a3abdc6be,field_58503b0cad088,field_5845a412dc6c2,field_5845a3c1dc6bf,field_58503ba5ad08f,field_58503bc2ad092,field_5845a37adc6bd,field_5845a3fcdc6c1,,,,,,,,,,,,,,,,,,,,,,,abbotsley-golf-course-2,publish,1484591140,,"St Neots",,Huntingdon,"United Kingdom",Cambridgeshire,,,manager@abbotsley.com,,,,"01480 403280",,52.1943,-0.2354,72,"PE19 4XN",,,"01480 474000",http://www.abbotsleygolf.co.uk,6311,,,,,,,,,,,,,,,,,,,,,,,,,,,,,,,,,,,,,,,,,,,,,,,,,,,,,,,,,,,,,,,,,,,,,,,,,,,,,
245,1,"2017-01-16 18:25:21","2017-01-16 18:25:21",,Aberdare,,trash,open,closed,,aberdare-2__trashed-2,,,"2017-01-16 18:25:40","2017-01-16 18:25:40",,0,http://localhost/go2golf/courses/uncategorized/aberdare-2/,0,product,,0,simple,,,,,,,,,,,,,,,,,,,,,,,,,,field_58503ab7ad084,field_58503ac4ad085,field_58503acead086,field_58503b14ad089,field_58503b00ad087,field_5845a427dc6c3,field_5845a3ecdc6c0,field_58503bb8ad091,,field_58503badad090,field_5845a352dc6bc,field_58503b1ead08a,field_58503b24ad08b,field_5845a3abdc6be,field_58503b0cad088,field_5845a412dc6c2,field_5845a3c1dc6bf,field_58503ba5ad08f,field_58503bc2ad092,field_5845a37adc6bd,field_5845a3fcdc6c1,,,,,,,,,,,,,,,,,,,,,,,aberdare-2,publish,1484591140,,Abernant,,Aberdare,"United Kingdom","Rhondda Cynon Taff",,64,sec-age@tiscali.co.uk,,,,"01685 872797",18,51.717,-3.4291,69,"CF44 0RY","Catherine & David Price",69,"01685 872 797",www.aberdaregolfclub.co.uk,5875,1921,,,,,,,,,,,,,,,,,,,,,,,,,,,,,,,,,,,,,,,,,,,,,,,,,,,,,,,,,,,,,,,,,,,,,,,,,,,,
246,1,"2017-01-16 18:25:21","2017-01-16 18:25:21",,"Aberdelghy Golf Course",,trash,open,closed,,aberdelghy-golf-course-2__trashed-2,,,"2017-01-16 18:25:40","2017-01-16 18:25:40",,0,http://localhost/go2golf/courses/uncategorized/aberdelghy-golf-course-2/,0,product,,0,simple,,,,,,,,,,,,,,,,,,,,,,,,,,field_58503ab7ad084,field_58503ac4ad085,field_58503acead086,field_58503b14ad089,field_58503b00ad087,field_5845a427dc6c3,field_5845a3ecdc6c0,field_58503bb8ad091,,field_58503badad090,field_5845a352dc6bc,field_58503b1ead08a,field_58503b24ad08b,field_5845a3abdc6be,field_58503b0cad088,field_5845a412dc6c2,field_5845a3c1dc6bf,field_58503ba5ad08f,field_58503bc2ad092,field_5845a37adc6bd,field_5845a3fcdc6c1,,,,,,,,,,,,,,,,,,,,,,,aberdelghy-golf-course-2,publish,1484591140,,"Bell's Lane",Lambeg,Lisburn,"United Kingdom","Co Antrim","Alec Blair",64,info@customprogolf.co.uk,,,,"028 9260 3432",18,54.5319,-6.0274,66,"BT27 4QH","Ed Morrison",62,"028 9266 2738",www.customprogolf.co.uk,4139,1987,,,,,,,,,,,,,,,,,,,,,,,,,,,,,,,,,,,,,,,,,,,,,,,,,,,,,,,,,,,,,,,,,,,,,,,,,,,,
247,1,"2017-01-16 18:25:21","2017-01-16 18:25:21",,"Aberdour Golf Club",,trash,open,closed,,aberdour-golf-club-2__trashed-2,,,"2017-01-16 18:25:40","2017-01-16 18:25:40",,0,http://localhost/go2golf/courses/uncategorized/aberdour-golf-club-2/,0,product,,0,simple,,,,,,,,,,,,,,,,,,,,,,,,,,field_58503ab7ad084,field_58503ac4ad085,field_58503acead086,field_58503b14ad089,field_58503b00ad087,field_5845a427dc6c3,field_5845a3ecdc6c0,field_58503bb8ad091,,field_58503badad090,field_5845a352dc6bc,field_58503b1ead08a,field_58503b24ad08b,field_5845a3abdc6be,field_58503b0cad088,field_5845a412dc6c2,field_5845a3c1dc6bf,field_58503ba5ad08f,field_58503bc2ad092,field_5845a37adc6bd,field_5845a3fcdc6c1,,,,,,,,,,,,,,,,,,,,,,,aberdour-golf-club-2,publish,1484591140,,"Seaside Place",,Aberdour,"United Kingdom",Burntisland,,59,manager@aberdourgolfclub.co.uk,,,,"01383 860050",18,56.0511,-3.2991,67,"KY3 0TX","David Gemmell",67,"01383 860 080",http://aberdourgolfclub.co.uk/,5447,1933,,,,,,,,,,,,,,,,,,,,,,,,,,,,,,,,,,,,,,,,,,,,,,,,,,,,,,,,,,,,,,,,,,,,,,,,,,,,
248,1,"2017-01-16 18:25:21","2017-01-16 18:25:21",,"Aberdovey Golf Club",,trash,open,closed,,aberdovey-golf-club-2__trashed-2,,,"2017-01-16 18:25:40","2017-01-16 18:25:40",,0,http://localhost/go2golf/courses/uncategorized/aberdovey-golf-club-2/,0,product,,0,simple,,,,,,,,,,,,,,,,,,,,,,,,,,field_58503ab7ad084,field_58503ac4ad085,field_58503acead086,field_58503b14ad089,field_58503b00ad087,field_5845a427dc6c3,field_5845a3ecdc6c0,field_58503bb8ad091,,field_58503badad090,field_5845a352dc6bc,field_58503b1ead08a,field_58503b24ad08b,field_5845a3abdc6be,field_58503b0cad088,field_5845a412dc6c2,field_5845a3c1dc6bf,field_58503ba5ad08f,field_58503bc2ad092,field_5845a37adc6bd,field_5845a3fcdc6c1,,,,,,,,,,,,,,,,,,,,,,,aberdovey-golf-club-2,publish,1484591140,,"Station Road",Aberdovey,Aberdyfi,"United Kingdom",Gwynedd,"J Braid",65,sec@aberdoveygolf.co.uk,,,,"01654 767027",18,52.5444,-4.056,71,"LL35 0RT","John Davies",72,"01654 767 493",http://www.aberdoveygolf.co.uk,6615,1892,,,,,,,,,,,,,,,,,,,,,,,,,,,,,,,,,,,,,,,,,,,,,,,,,,,,,,,,,,,,,,,,,,,,,,,,,,,,
249,1,"2017-01-16 18:25:21","2017-01-16 18:25:21",,"Aberfeldy Golf Club",,trash,open,closed,,aberfeldy-golf-club-2__trashed-2,,,"2017-01-16 18:25:40","2017-01-16 18:25:40",,0,http://localhost/go2golf/courses/uncategorized/aberfeldy-golf-club-2/,0,product,,0,simple,,,,,,,,,,,,,,,,,,,,,,,,,,field_58503ab7ad084,field_58503ac4ad085,field_58503acead086,field_58503b14ad089,field_58503b00ad087,field_5845a427dc6c3,field_5845a3ecdc6c0,field_58503bb8ad091,,field_58503badad090,field_5845a352dc6bc,field_58503b1ead08a,field_58503b24ad08b,field_5845a3abdc6be,field_58503b0cad088,field_5845a412dc6c2,field_5845a3c1dc6bf,field_58503ba5ad08f,field_58503bc2ad092,field_5845a37adc6bd,field_5845a3fcdc6c1,,,,,,,,,,,,,,,,,,,,,,,aberfeldy-golf-club-2,publish,1484591140,,"Taybridge Road",,Aberfeldy,"United Kingdom","Perth & Kinross",Soutars,67,feldygc@tiscali.co.uk,,,,,18,56.6198,-3.87,68,"PH15 2BH",,65,"01887 820 535",http://www.aberfeldy-golfclub.co.uk/,5283,1993,,,,,,,,,,,,,,,,,,,,,,,,,,,,,,,,,,,,,,,,,,,,,,,,,,,,,,,,,,,,,,,,,,,,,,,,,,,,
250,1,"2017-01-16 18:25:21","2017-01-16 18:25:21",,Aberfoyle,,trash,open,closed,,aberfoyle-2__trashed-2,,,"2017-01-16 18:25:40","2017-01-16 18:25:40",,0,http://localhost/go2golf/courses/uncategorized/aberfoyle-2/,0,product,,0,simple,,,,,,,,,,,,,,,,,,,,,,,,,,field_58503ab7ad084,field_58503ac4ad085,field_58503acead086,field_58503b14ad089,field_58503b00ad087,field_5845a427dc6c3,field_5845a3ecdc6c0,field_58503bb8ad091,,field_58503badad090,field_5845a352dc6bc,field_58503b1ead08a,field_58503b24ad08b,field_5845a3abdc6be,field_58503b0cad088,field_5845a412dc6c2,field_5845a3c1dc6bf,field_58503ba5ad08f,field_58503bc2ad092,field_5845a37adc6bd,field_5845a3fcdc6c1,,,,,,,,,,,,,,,,,,,,,,,aberfoyle-2,publish,1484591140,,Breaval,,Aberfoyle,"United Kingdom",Stirling,,64,secretary@aberfoylegolf.co.uk,,,,"01877 382493 ",18,56.1729,-4.3622,66,"FK8 3UY",,66,"01877 382 493",http://www.aberfoylegolf.com/,5210,1890,,,,,,,,,,,,,,,,,,,,,,,,,,,,,,,,,,,,,,,,,,,,,,,,,,,,,,,,,,,,,,,,,,,,,,,,,,,,
251,1,"2017-01-16 18:25:22","2017-01-16 18:25:22",,"Abergele Golf Course",,trash,open,closed,,abergele-golf-course-2__trashed-2,,,"2017-01-16 18:25:40","2017-01-16 18:25:40",,0,http://localhost/go2golf/courses/uncategorized/abergele-golf-course-2/,0,product,,0,simple,,,,,,,,,,,,,,,,,,,,,,,,,,field_58503ab7ad084,field_58503ac4ad085,field_58503acead086,field_58503b14ad089,field_58503b00ad087,field_5845a427dc6c3,field_5845a3ecdc6c0,field_58503bb8ad091,,field_58503badad090,field_5845a352dc6bc,field_58503b1ead08a,field_58503b24ad08b,field_5845a3abdc6be,field_58503b0cad088,field_5845a412dc6c2,field_5845a3c1dc6bf,field_58503ba5ad08f,field_58503bc2ad092,field_5845a37adc6bd,field_5845a3fcdc6c1,,,,,,,,,,,,,,,,,,,,,,,abergele-golf-course-2,publish,1484591140,,"Tan-y-gopa Road",,Abergele,"United Kingdom",Conwy,Hawtree,66,secretary@abergelegolfclub.co.uk,,,,,18,53.2811,-3.5963,72,"LL22 8DS","Iain R Runcie",71,"01745 824034",http://abergelegolfclub.myprogolfer.co.uk/,6520,1910,,,,,,,,,,,,,,,,,,,,,,,,,,,,,,,,,,,,,,,,,,,,,,,,,,,,,,,,,,,,,,,,,,,,,,,,,,,,
252,1,"2017-01-16 18:25:22","2017-01-16 18:25:22",,"Abernethy Golf Club",,trash,open,closed,,abernethy-golf-club-2__trashed-2,,,"2017-01-16 18:25:39","2017-01-16 18:25:39",,0,http://localhost/go2golf/courses/uncategorized/abernethy-golf-club-2/,0,product,,0,simple,,,,,,,,,,,,,,,,,,,,,,,,,,field_58503ab7ad084,field_58503ac4ad085,field_58503acead086,field_58503b14ad089,field_58503b00ad087,field_5845a427dc6c3,field_5845a3ecdc6c0,field_58503bb8ad091,,field_58503badad090,field_5845a352dc6bc,field_58503b1ead08a,field_58503b24ad08b,field_5845a3abdc6be,field_58503b0cad088,field_5845a412dc6c2,field_5845a3c1dc6bf,field_58503ba5ad08f,field_58503bc2ad092,field_5845a37adc6bd,field_5845a3fcdc6c1,,,,,,,,,,,,,,,,,,,,,,,abernethy-golf-club-2,publish,1484591139,,,,"Nethy Bridge","United Kingdom",Highland,,64,info@abernethygolfclub.com,,,,,9,57.2682,-3.6549,66,"PH25 3EB",,66,"01479 821 305",http://www.abernethygolfclub.com/,2526,1893,,,,,,,,,,,,,,,,,,,,,,,,,,,,,,,,,,,,,,,,,,,,,,,,,,,,,,,,,,,,,,,,,,,,,,,,,,,,
253,1,"2017-01-16 18:25:22","2017-01-16 18:25:22",,"Abersoch Golf Club",,trash,open,closed,,abersoch-golf-club-2__trashed-2,,,"2017-01-16 18:25:39","2017-01-16 18:25:39",,0,http://localhost/go2golf/courses/uncategorized/abersoch-golf-club-2/,0,product,,0,simple,,,,,,,,,,,,,,,,,,,,,,,,,,field_58503ab7ad084,field_58503ac4ad085,field_58503acead086,field_58503b14ad089,field_58503b00ad087,field_5845a427dc6c3,field_5845a3ecdc6c0,field_58503bb8ad091,,field_58503badad090,field_5845a352dc6bc,field_58503b1ead08a,field_58503b24ad08b,field_5845a3abdc6be,field_58503b0cad088,field_5845a412dc6c2,field_5845a3c1dc6bf,field_58503ba5ad08f,field_58503bc2ad092,field_5845a37adc6bd,field_5845a3fcdc6c1,,,,,,,,,,,,,,,,,,,,,,,abersoch-golf-club-2,publish,1484591139,,"Golf Rd",,Abersoch,"United Kingdom",Gwynedd,"Harry Vardon",66,admin@abersochgolf.co.uk,,,,"01758 712777",18,52.8192,-4.5046,69,"LL53 7EY","A D Jones",68,"01758 712 622",http://www.abersochgolf.co.uk/,5847,1908,,,,,,,,,,,,,,,,,,,,,,,,,,,,,,,,,,,,,,,,,,,,,,,,,,,,,,,,,,,,,,,,,,,,,,,,,,,,
254,1,"2017-01-16 18:25:22","2017-01-16 18:25:22",,"Aberystwyth Golf Club",,trash,open,closed,,aberystwyth-golf-club-2__trashed-2,,,"2017-01-16 18:25:39","2017-01-16 18:25:39",,0,http://localhost/go2golf/courses/uncategorized/aberystwyth-golf-club-2/,0,product,,0,simple,,,,,,,,,,,,,,,,,,,,,,,,,,field_58503ab7ad084,field_58503ac4ad085,field_58503acead086,field_58503b14ad089,field_58503b00ad087,field_5845a427dc6c3,field_5845a3ecdc6c0,field_58503bb8ad091,,field_58503badad090,field_5845a352dc6bc,field_58503b1ead08a,field_58503b24ad08b,field_5845a3abdc6be,field_58503b0cad088,field_5845a412dc6c2,field_5845a3c1dc6bf,field_58503ba5ad08f,field_58503bc2ad092,field_5845a37adc6bd,field_5845a3fcdc6c1,,,,,,,,,,,,,,,,,,,,,,,aberystwyth-golf-club-2,publish,1484591139,,"Brynymor Road",,Aberystwyth,"United Kingdom",Ceredigion,"Harry Vardon",,aberystwythgolf@talk21.com,,,,"01970 626622",18,52.4219,-4.0759,70,"SY23 2HY","Jim McLeod",69,"01970 615 104",www.aberystwythgolfclub.com,5801,1911,,,,,,,,,,,,,,,,,,,,,,,,,,,,,,,,,,,,,,,,,,,,,,,,,,,,,,,,,,,,,,,,,,,,,,,,,,,,
255,1,"2017-01-16 18:25:22","2017-01-16 18:25:22",,"Aboyne Golf Club",,trash,open,closed,,aboyne-golf-club-2__trashed-2,,,"2017-01-16 18:25:40","2017-01-16 18:25:40",,0,http://localhost/go2golf/courses/uncategorized/aboyne-golf-club-2/,0,product,,0,simple,,,,,,,,,,,,,,,,,,,,,,,,,,field_58503ab7ad084,field_58503ac4ad085,field_58503acead086,field_58503b14ad089,field_58503b00ad087,field_5845a427dc6c3,field_5845a3ecdc6c0,field_58503bb8ad091,,field_58503badad090,field_5845a352dc6bc,field_58503b1ead08a,field_58503b24ad08b,field_5845a3abdc6be,field_58503b0cad088,field_5845a412dc6c2,field_5845a3c1dc6bf,field_58503ba5ad08f,field_58503bc2ad092,field_5845a37adc6bd,field_5845a3fcdc6c1,,,,,,,,,,,,,,,,,,,,,,,aboyne-golf-club-2,publish,1484591140,,"Formaston Park",,Aboyne,"United Kingdom",Aberdeenshire,,62,aboynegolfclub@btconnect.com,,,,"013398 87592",18,57.0798,-2.7729,68,"AB34 5HP","Stephen Moir",69,"013398 86328",http://www.aboynegolfclub.co.uk/,6009,1874,,,,,,,,,,,,,,,,,,,,,,,,,,,,,,,,,,,,,,,,,,,,,,,,,,,,,,,,,,,,,,,,,,,,,,,,,,,,
256,1,"2017-01-16 18:25:22","2017-01-16 18:25:22",,"Aboyne Loch Golf Course",,trash,open,closed,,aboyne-loch-golf-course-2__trashed-2,,,"2017-01-16 18:25:39","2017-01-16 18:25:39",,0,http://localhost/go2golf/courses/uncategorized/aboyne-loch-golf-course-2/,0,product,,0,simple,,,,,,,,,,,,,,,,,,,,,,,,,,field_58503ab7ad084,field_58503ac4ad085,field_58503acead086,field_58503b14ad089,field_58503b00ad087,field_5845a427dc6c3,field_5845a3ecdc6c0,field_58503bb8ad091,,field_58503badad090,field_5845a352dc6bc,field_58503b1ead08a,field_58503b24ad08b,field_5845a3abdc6be,field_58503b0cad088,field_5845a412dc6c2,field_5845a3c1dc6bf,field_58503ba5ad08f,field_58503bc2ad092,field_5845a37adc6bd,field_5845a3fcdc6c1,,,,,,,,,,,,,,,,,,,,,,,aboyne-loch-golf-course-2,publish,1484591139,,,"The Lodge on the Loch of Aboyne",Aboyne,"United Kingdom",Aberdeenshire,,,info@thelodgeontheloch.com,,,,,9,57.0851,-2.7629,,"AB34 5BR",,,"01339 886444  07764577959",http://www.thelodgeontheloch.com,3600,,,,,,,,,,,,,,,,,,,,,,,,,,,,,,,,,,,,,,,,,,,,,,,,,,,,,,,,,,,,,,,,,,,,,,,,,,,,,
257,1,"2017-01-16 18:25:22","2017-01-16 18:25:22",,"Abridge Golf and Country Club",,trash,open,closed,,abridge-golf-and-country-club-2__trashed-2,,,"2017-01-16 18:25:40","2017-01-16 18:25:40",,0,http://localhost/go2golf/courses/uncategorized/abridge-golf-and-country-club-2/,0,product,,0,simple,,,,,,,,,,,,,,,,,,,,,,,,,,field_58503ab7ad084,field_58503ac4ad085,field_58503acead086,field_58503b14ad089,field_58503b00ad087,field_5845a427dc6c3,field_5845a3ecdc6c0,field_58503bb8ad091,,field_58503badad090,field_5845a352dc6bc,field_58503b1ead08a,field_58503b24ad08b,field_5845a3abdc6be,field_58503b0cad088,field_5845a412dc6c2,field_5845a3c1dc6bf,field_58503ba5ad08f,field_58503bc2ad092,field_5845a37adc6bd,field_5845a3fcdc6c1,,,,,,,,,,,,,,,,,,,,,,,abridge-golf-and-country-club-2,publish,1484591140,,"Epping Lane","Stapleford Tawney",Abridge,"United Kingdom",Essex,"Henry Cotton",67,info@abridgegolf.com,,,,"01708 688550",18,51.6637,0.1509,72,"RM4 1ST","Stuart Layton",72,"01708 688 396",http://www.abridgegolf.com/,6704,1962,,,,,,,,,,,,,,,,,,,,,,,,,,,,,,,,,,,,,,,,,,,,,,,,,,,,,,,,,,,,,,,,,,,,,,,,,,,,
